<?xml version="1.0" encoding="UTF-8"?>
<metadata xml:lang="en">
	<Esri>
		<CreaDate>20210326</CreaDate>
		<CreaTime>13532200</CreaTime>
		<ArcGISFormat>1.0</ArcGISFormat>
		<SyncOnce>FALSE</SyncOnce>
		<DataProperties>
			<itemProps>
				<itemName Sync="TRUE">BarrierLayer_Buffer_Dissolve</itemName>
				<imsContentType Sync="TRUE">002</imsContentType>
				<itemLocation>
					<linkage Sync="TRUE">file://\\DESKTOP-JTOTD8C\C$\Users\Cole\Documents\GitHub\GIS5572\Lab3\Finished Items\ClippedBarrier</linkage>
					<protocol Sync="TRUE">Local Area Network</protocol>
				</itemLocation>
				<itemSize Sync="TRUE">0.000</itemSize>
			</itemProps>
			<coordRef>
				<type Sync="TRUE">Geographic</type>
				<geogcsn Sync="TRUE">GCS_WGS_1984</geogcsn>
				<csUnits Sync="TRUE">Angular Unit: Degree (0.017453)</csUnits>
				<peXml Sync="TRUE">&lt;GeographicCoordinateSystem xsi:type='typens:GeographicCoordinateSystem' xmlns:xsi='http://www.w3.org/2001/XMLSchema-instance' xmlns:xs='http://www.w3.org/2001/XMLSchema' xmlns:typens='http://www.esri.com/schemas/ArcGIS/10.7'&gt;&lt;WKT&gt;GEOGCS[&amp;quot;GCS_WGS_1984&amp;quot;,DATUM[&amp;quot;D_WGS_1984&amp;quot;,SPHEROID[&amp;quot;WGS_1984&amp;quot;,6378137.0,298.257223563]],PRIMEM[&amp;quot;Greenwich&amp;quot;,0.0],UNIT[&amp;quot;Degree&amp;quot;,0.0174532925199433],AUTHORITY[&amp;quot;EPSG&amp;quot;,4326]]&lt;/WKT&gt;&lt;XOrigin&gt;-400&lt;/XOrigin&gt;&lt;YOrigin&gt;-400&lt;/YOrigin&gt;&lt;XYScale&gt;1111948722.2222221&lt;/XYScale&gt;&lt;ZOrigin&gt;-100000&lt;/ZOrigin&gt;&lt;ZScale&gt;10000&lt;/ZScale&gt;&lt;MOrigin&gt;-100000&lt;/MOrigin&gt;&lt;MScale&gt;10000&lt;/MScale&gt;&lt;XYTolerance&gt;8.983152841195215e-09&lt;/XYTolerance&gt;&lt;ZTolerance&gt;0.001&lt;/ZTolerance&gt;&lt;MTolerance&gt;0.001&lt;/MTolerance&gt;&lt;HighPrecision&gt;true&lt;/HighPrecision&gt;&lt;LeftLongitude&gt;-180&lt;/LeftLongitude&gt;&lt;WKID&gt;4326&lt;/WKID&gt;&lt;LatestWKID&gt;4326&lt;/LatestWKID&gt;&lt;/GeographicCoordinateSystem&gt;</peXml>
			</coordRef>
			<lineage>
				<Process ToolSource="c:\program files (x86)\arcgis\desktop10.7\ArcToolbox\Toolboxes\Data Management Tools.tbx\Append" Date="20200504" Time="145210">Append GISLibrary.DBO.RoadCenterlines RoadCenterline NO_TEST "ROADSEG_ID "Road Segment Unique Identifier" true true false 36 Text 0 0 ,First,#,GISLibrary.DBO.RoadCenterlines,ROADSEG_ID,-1,-1;ROUTE_ID "Route ID" true true false 18 Text 0 0 ,First,#,GISLibrary.DBO.RoadCenterlines,ROUTE_ID,-1,-1;ROUTE_SYS "Route System" true true false 2 Text 0 0 ,First,#,GISLibrary.DBO.RoadCenterlines,ROUTE_SYS,-1,-1;ROUTE_DIR "Route Direction" true true false 1 Text 0 0 ,First,#,GISLibrary.DBO.RoadCenterlines,ROUTE_DIR,-1,-1;LOC_STATE "Local to State" true true false 10 Text 0 0 ,First,#,GISLibrary.DBO.RoadCenterlines,LOC_STATE,-1,-1;PRIME_STAT "Primary Status" true true false 10 Text 0 0 ,First,#,GISLibrary.DBO.RoadCenterlines,PRIME_STAT,-1,-1;ST_PRE_MOD "Street Name Pre Modifier" true true false 15 Text 0 0 ,First,#,GISLibrary.DBO.RoadCenterlines,ST_PRE_MOD,-1,-1;ST_PRE_DIR "Street Name Pre Directional" true true false 9 Text 0 0 ,First,#,GISLibrary.DBO.RoadCenterlines,ST_PRE_DIR,-1,-1;ST_PRE_TYP "Street Name Pre Type" true true false 35 Text 0 0 ,First,#,GISLibrary.DBO.RoadCenterlines,ST_PRE_TYP,-1,-1;ST_PRE_SEP "Street Name Pre Separator" true true false 20 Text 0 0 ,First,#,GISLibrary.DBO.RoadCenterlines,ST_PRE_SEP,-1,-1;ST_NAME "Street Name" true true false 60 Text 0 0 ,First,#,GISLibrary.DBO.RoadCenterlines,ST_NAME,-1,-1;ST_POS_TYP "Street Name Post Type" true true false 15 Text 0 0 ,First,#,GISLibrary.DBO.RoadCenterlines,ST_POS_TYP,-1,-1;ST_POS_DIR "Street Name Post Directional" true true false 9 Text 0 0 ,First,#,GISLibrary.DBO.RoadCenterlines,ST_POS_DIR,-1,-1;ST_POS_MOD "Street Name Post Modifier" true true false 15 Text 0 0 ,First,#,GISLibrary.DBO.RoadCenterlines,ST_POS_MOD,-1,-1;ST_CONCAT "Street Name Full" true true false 150 Text 0 0 ,First,#,GISLibrary.DBO.RoadCenterlines,ST_CONCAT,-1,-1;ST_NAME_A1 "Alternate Street Name 1" true true false 150 Text 0 0 ,First,#,GISLibrary.DBO.RoadCenterlines,ST_NAME_A1,-1,-1;A1_MSAG_V "Alt 1 Legitimate MSAG Value" true true false 7 Text 0 0 ,First,#,GISLibrary.DBO.RoadCenterlines,A1_MSAG_V,-1,-1;ST_NAME_A2 "Alternate Street Name 2" true true false 150 Text 0 0 ,First,#,GISLibrary.DBO.RoadCenterlines,ST_NAME_A2,-1,-1;A2_MSAG_V "Alt 2 Legitimate MSAG Value" true true false 7 Text 0 0 ,First,#,GISLibrary.DBO.RoadCenterlines,A2_MSAG_V,-1,-1;ST_NAME_A3 "Alternate Street Name 3" true true false 150 Text 0 0 ,First,#,GISLibrary.DBO.RoadCenterlines,ST_NAME_A3,-1,-1;A3_MSAG_V "Alt 3 Legitimate MSAG Value" true true false 7 Text 0 0 ,First,#,GISLibrary.DBO.RoadCenterlines,A3_MSAG_V,-1,-1;ADD_FR_L "Left From Address" true true false 4 Long 0 0 ,First,#,GISLibrary.DBO.RoadCenterlines,ADD_FR_L,-1,-1;ADD_TO_L "Left To Address" true true false 4 Long 0 0 ,First,#,GISLibrary.DBO.RoadCenterlines,ADD_TO_L,-1,-1;ADD_FR_R "Right From Address" true true false 4 Long 0 0 ,First,#,GISLibrary.DBO.RoadCenterlines,ADD_FR_R,-1,-1;ADD_TO_R "Right To Address" true true false 4 Long 0 0 ,First,#,GISLibrary.DBO.RoadCenterlines,ADD_TO_R,-1,-1;PARITY_L "Left Parity" true true false 4 Text 0 0 ,First,#,GISLibrary.DBO.RoadCenterlines,PARITY_L,-1,-1;PARITY_R "Right Parity" true true false 4 Text 0 0 ,First,#,GISLibrary.DBO.RoadCenterlines,PARITY_R,-1,-1;ZIP_L "Left Zip Code" true true false 5 Text 0 0 ,First,#,GISLibrary.DBO.RoadCenterlines,ZIP_L,-1,-1;ZIP_R "Right Zip Code" true true false 5 Text 0 0 ,First,#,GISLibrary.DBO.RoadCenterlines,ZIP_R,-1,-1;CTU_NAME_L "Left CTU Name" true true false 100 Text 0 0 ,First,#,GISLibrary.DBO.RoadCenterlines,CTU_NAME_L,-1,-1;CTU_NAME_R "Right CTU Name" true true false 100 Text 0 0 ,First,#,GISLibrary.DBO.RoadCenterlines,CTU_NAME_R,-1,-1;CTU_ID_L "Left CTU Code" true true false 8 Text 0 0 ,First,#,GISLibrary.DBO.RoadCenterlines,CTU_ID_L,-1,-1;CTU_ID_R "Right CTU Code" true true false 8 Text 0 0 ,First,#,GISLibrary.DBO.RoadCenterlines,CTU_ID_R,-1,-1;POSTCOMM_L "Left Postal Community Name" true true false 40 Text 0 0 ,First,#,GISLibrary.DBO.RoadCenterlines,POSTCOMM_L,-1,-1;POSTCOMM_R "Right Postal Community Name" true true false 40 Text 0 0 ,First,#,GISLibrary.DBO.RoadCenterlines,POSTCOMM_R,-1,-1;CO_CODE_L "Left County Code" true true false 5 Text 0 0 ,First,#,GISLibrary.DBO.RoadCenterlines,CO_CODE_L,-1,-1;CO_CODE_R "Right County Code" true true false 5 Text 0 0 ,First,#,GISLibrary.DBO.RoadCenterlines,CO_CODE_R,-1,-1;CO_NAME_L "Left County Name" true true false 40 Text 0 0 ,First,#,GISLibrary.DBO.RoadCenterlines,CO_NAME_L,-1,-1;CO_NAME_R "Right County Name" true true false 40 Text 0 0 ,First,#,GISLibrary.DBO.RoadCenterlines,CO_NAME_R,-1,-1;STATE_L "Left State Code" true true false 2 Text 0 0 ,First,#,GISLibrary.DBO.RoadCenterlines,STATE_L,-1,-1;STATE_R "Right State Code" true true false 2 Text 0 0 ,First,#,GISLibrary.DBO.RoadCenterlines,STATE_R,-1,-1;ELEV_FROM "Elevation From" true true false 2 Short 0 0 ,First,#,GISLibrary.DBO.RoadCenterlines,ELEV_FROM,-1,-1;ELEV_TO "Elevation To" true true false 2 Short 0 0 ,First,#,GISLibrary.DBO.RoadCenterlines,ELEV_TO,-1,-1;ONEWAY "One Way" true true false 1 Text 0 0 ,First,#,GISLibrary.DBO.RoadCenterlines,ONEWAY,-1,-1;SPEED_IMP "Impedance Speed" true true false 2 Short 0 0 ,First,#,GISLibrary.DBO.RoadCenterlines,SPEED_IMP,-1,-1;EMERG_ACC "Emergency Access" true true false 10 Text 0 0 ,First,#,GISLibrary.DBO.RoadCenterlines,EMERG_ACC,-1,-1;ROUTESPEED "Routing Speed" true true false 2 Short 0 0 ,First,#,GISLibrary.DBO.RoadCenterlines,ROUTESPEED,-1,-1;ROUTE_NUM "Route Number" true true false 5 Text 0 0 ,First,#,GISLibrary.DBO.RoadCenterlines,ROUTE_NUM,-1,-1;GIS911POC "911 GIS Point-of-Contact" true true false 75 Text 0 0 ,First,#,GISLibrary.DBO.RoadCenterlines,GIS911POC,-1,-1;ESN_L "Left Emergency Service Number" true true false 5 Text 0 0 ,First,#,GISLibrary.DBO.RoadCenterlines,ESN_L,-1,-1;ESN_R "Right Emergency Service Number" true true false 5 Text 0 0 ,First,#,GISLibrary.DBO.RoadCenterlines,ESN_R,-1,-1;PSAP_L "Left PSAP Code" true true false 5 Text 0 0 ,First,#,GISLibrary.DBO.RoadCenterlines,PSAP_L,-1,-1;PSAP_R "Right PSAP Code" true true false 5 Text 0 0 ,First,#,GISLibrary.DBO.RoadCenterlines,PSAP_R,-1,-1;MSAG_C_L "Left MSAG Community Name" true true false 30 Text 0 0 ,First,#,GISLibrary.DBO.RoadCenterlines,MSAG_C_L,-1,-1;MSAG_C_R "Right MSAG Community Name" true true false 30 Text 0 0 ,First,#,GISLibrary.DBO.RoadCenterlines,MSAG_C_R,-1,-1;VALID_L "Validation Left" true true false 10 Text 0 0 ,First,#,GISLibrary.DBO.RoadCenterlines,VALID_L,-1,-1;VALID_R "Validation Right" true true false 10 Text 0 0 ,First,#,GISLibrary.DBO.RoadCenterlines,VALID_R,-1,-1;VERROR_911 "911 Validation Error" true true false 10 Text 0 0 ,First,#,GISLibrary.DBO.RoadCenterlines,VERROR_911,-1,-1;STATUS "Lifecycle Status" true true false 20 Text 0 0 ,First,#,GISLibrary.DBO.RoadCenterlines,STATUS,-1,-1;EFF_DATE "Effective Date" true true false 8 Date 0 0 ,First,#,GISLibrary.DBO.RoadCenterlines,EFF_DATE,-1,-1;RET_DATE "Retired Date" true true false 8 Date 0 0 ,First,#,GISLibrary.DBO.RoadCenterlines,RET_DATE,-1,-1;EDIT_ORG "Editing Organization" true true false 40 Text 0 0 ,First,#,GISLibrary.DBO.RoadCenterlines,EDIT_ORG,-1,-1;EDIT_DATE "Edit Date" true true false 8 Date 0 0 ,First,#,GISLibrary.DBO.RoadCenterlines,EDIT_DATE,-1,-1;FUNCLS_FED "Functional Class - Federal" true true false 1 Text 0 0 ,First,#,GISLibrary.DBO.RoadCenterlines,FUNCLS_FED,-1,-1;FUNCLS_MET "Functional Class - Metro" true true false 3 Text 0 0 ,First,#,GISLibrary.DBO.RoadCenterlines,FUNCLS_MET,-1,-1;SURF_TYPE "Surface Type" true true false 32 Text 0 0 ,First,#,GISLibrary.DBO.RoadCenterlines,SURF_TYPE,-1,-1;NUM_LANES "Number of Lanes" true true false 2 Short 0 0 ,First,#,GISLibrary.DBO.RoadCenterlines,NUM_LANES,-1,-1;COMMENTS "Comments" true true false 254 Text 0 0 ,First,#,GISLibrary.DBO.RoadCenterlines,COMMENTS,-1,-1;SHAPE_Length "SHAPE_Length" false true true 8 Double 0 0 ,First,#" #</Process>
				<Process ToolSource="c:\program files (x86)\arcgis\desktop10.7\ArcToolbox\Toolboxes\Data Management Tools.tbx\Append" Date="20200505" Time="080715">Append RoadCenterline_domain RoadCenterline NO_TEST "ROADSEG_ID "Road Segment Unique Identifier" true true false 36 Text 0 0 ,First,#,RoadCenterline_domain,ROADSEG_ID,-1,-1;ROUTE_ID "Route ID" true true false 18 Text 0 0 ,First,#,RoadCenterline_domain,ROUTE_ID,-1,-1;ROUTE_SYS "Route System" true true false 2 Text 0 0 ,First,#,RoadCenterline_domain,ROUTE_SYS,-1,-1;ROUTE_DIR "Route Direction" true true false 1 Text 0 0 ,First,#,RoadCenterline_domain,ROUTE_DIR,-1,-1;LOC_STATE "Local to State" true true false 10 Text 0 0 ,First,#,RoadCenterline_domain,LOC_STATE,-1,-1;PRIME_STAT "Primary Status" true true false 10 Text 0 0 ,First,#,RoadCenterline_domain,PRIME_STAT,-1,-1;ST_PRE_MOD "Street Name Pre Modifier" true true false 15 Text 0 0 ,First,#,RoadCenterline_domain,ST_PRE_MOD,-1,-1;ST_PRE_DIR "Street Name Pre Directional" true true false 9 Text 0 0 ,First,#,RoadCenterline_domain,ST_PRE_DIR,-1,-1;ST_PRE_TYP "Street Name Pre Type" true true false 35 Text 0 0 ,First,#,RoadCenterline_domain,ST_PRE_TYP,-1,-1;ST_PRE_SEP "Street Name Pre Separator" true true false 20 Text 0 0 ,First,#,RoadCenterline_domain,ST_PRE_SEP,-1,-1;ST_NAME "Street Name" true true false 60 Text 0 0 ,First,#,RoadCenterline_domain,ST_NAME,-1,-1;ST_POS_TYP "Street Name Post Type" true true false 15 Text 0 0 ,First,#,RoadCenterline_domain,ST_POS_TYP,-1,-1;ST_POS_DIR "Street Name Post Directional" true true false 9 Text 0 0 ,First,#,RoadCenterline_domain,ST_POS_DIR,-1,-1;ST_POS_MOD "Street Name Post Modifier" true true false 15 Text 0 0 ,First,#,RoadCenterline_domain,ST_POS_MOD,-1,-1;ST_CONCAT "Street Name Full" true true false 150 Text 0 0 ,First,#,RoadCenterline_domain,ST_CONCAT,-1,-1;ST_NAME_A1 "Alternate Street Name 1" true true false 150 Text 0 0 ,First,#,RoadCenterline_domain,ST_NAME_A1,-1,-1;A1_MSAG_V "Alt 1 Legitimate MSAG Value" true true false 7 Text 0 0 ,First,#,RoadCenterline_domain,A1_MSAG_V,-1,-1;ST_NAME_A2 "Alternate Street Name 2" true true false 150 Text 0 0 ,First,#,RoadCenterline_domain,ST_NAME_A2,-1,-1;A2_MSAG_V "Alt 2 Legitimate MSAG Value" true true false 7 Text 0 0 ,First,#,RoadCenterline_domain,A2_MSAG_V,-1,-1;ST_NAME_A3 "Alternate Street Name 3" true true false 150 Text 0 0 ,First,#,RoadCenterline_domain,ST_NAME_A3,-1,-1;A3_MSAG_V "Alt 3 Legitimate MSAG Value" true true false 7 Text 0 0 ,First,#,RoadCenterline_domain,A3_MSAG_V,-1,-1;ADD_FR_L "Left From Address" true true false 4 Long 0 0 ,First,#,RoadCenterline_domain,ADD_FR_L,-1,-1;ADD_TO_L "Left To Address" true true false 4 Long 0 0 ,First,#,RoadCenterline_domain,ADD_TO_L,-1,-1;ADD_FR_R "Right From Address" true true false 4 Long 0 0 ,First,#,RoadCenterline_domain,ADD_FR_R,-1,-1;ADD_TO_R "Right To Address" true true false 4 Long 0 0 ,First,#,RoadCenterline_domain,ADD_TO_R,-1,-1;PARITY_L "Left Parity" true true false 4 Text 0 0 ,First,#,RoadCenterline_domain,PARITY_L,-1,-1;PARITY_R "Right Parity" true true false 4 Text 0 0 ,First,#,RoadCenterline_domain,PARITY_R,-1,-1;ZIP_L "Left Zip Code" true true false 5 Text 0 0 ,First,#,RoadCenterline_domain,ZIP_L,-1,-1;ZIP_R "Right Zip Code" true true false 5 Text 0 0 ,First,#,RoadCenterline_domain,ZIP_R,-1,-1;CTU_NAME_L "Left CTU Name" true true false 100 Text 0 0 ,First,#,RoadCenterline_domain,CTU_NAME_L,-1,-1;CTU_NAME_R "Right CTU Name" true true false 100 Text 0 0 ,First,#,RoadCenterline_domain,CTU_NAME_R,-1,-1;CTU_ID_L "Left CTU Code" true true false 8 Text 0 0 ,First,#,RoadCenterline_domain,CTU_ID_L,-1,-1;CTU_ID_R "Right CTU Code" true true false 8 Text 0 0 ,First,#,RoadCenterline_domain,CTU_ID_R,-1,-1;POSTCOMM_L "Left Postal Community Name" true true false 40 Text 0 0 ,First,#,RoadCenterline_domain,POSTCOMM_L,-1,-1;POSTCOMM_R "Right Postal Community Name" true true false 40 Text 0 0 ,First,#,RoadCenterline_domain,POSTCOMM_R,-1,-1;CO_CODE_L "Left County Code" true true false 5 Text 0 0 ,First,#,RoadCenterline_domain,CO_CODE_L,-1,-1;CO_CODE_R "Right County Code" true true false 5 Text 0 0 ,First,#,RoadCenterline_domain,CO_CODE_R,-1,-1;CO_NAME_L "Left County Name" true true false 40 Text 0 0 ,First,#,RoadCenterline_domain,CO_NAME_L,-1,-1;CO_NAME_R "Right County Name" true true false 40 Text 0 0 ,First,#,RoadCenterline_domain,CO_NAME_R,-1,-1;STATE_L "Left State Code" true true false 2 Text 0 0 ,First,#,RoadCenterline_domain,STATE_L,-1,-1;STATE_R "Right State Code" true true false 2 Text 0 0 ,First,#,RoadCenterline_domain,STATE_R,-1,-1;ELEV_FROM "Elevation From" true true false 2 Short 0 0 ,First,#,RoadCenterline_domain,ELEV_FROM,-1,-1;ELEV_TO "Elevation To" true true false 2 Short 0 0 ,First,#,RoadCenterline_domain,ELEV_TO,-1,-1;ONEWAY "One Way" true true false 1 Text 0 0 ,First,#,RoadCenterline_domain,ONEWAY,-1,-1;SPEED_IMP "Impedance Speed" true true false 2 Short 0 0 ,First,#,RoadCenterline_domain,SPEED_IMP,-1,-1;EMERG_ACC "Emergency Access" true true false 10 Text 0 0 ,First,#,RoadCenterline_domain,EMERG_ACC,-1,-1;ROUTESPEED "Routing Speed" true true false 2 Short 0 0 ,First,#,RoadCenterline_domain,ROUTESPEED,-1,-1;ROUTE_NUM "Route Number" true true false 5 Text 0 0 ,First,#,RoadCenterline_domain,ROUTE_NUM,-1,-1;GIS911POC "911 GIS Point-of-Contact" true true false 75 Text 0 0 ,First,#,RoadCenterline_domain,GIS911POC,-1,-1;ESN_L "Left Emergency Service Number" true true false 5 Text 0 0 ,First,#,RoadCenterline_domain,ESN_L,-1,-1;ESN_R "Right Emergency Service Number" true true false 5 Text 0 0 ,First,#,RoadCenterline_domain,ESN_R,-1,-1;PSAP_L "Left PSAP Code" true true false 5 Text 0 0 ,First,#,RoadCenterline_domain,PSAP_L,-1,-1;PSAP_R "Right PSAP Code" true true false 5 Text 0 0 ,First,#,RoadCenterline_domain,PSAP_R,-1,-1;MSAG_C_L "Left MSAG Community Name" true true false 30 Text 0 0 ,First,#,RoadCenterline_domain,MSAG_C_L,-1,-1;MSAG_C_R "Right MSAG Community Name" true true false 30 Text 0 0 ,First,#,RoadCenterline_domain,MSAG_C_R,-1,-1;VALID_L "Validation Left" true true false 10 Text 0 0 ,First,#,RoadCenterline_domain,VALID_L,-1,-1;VALID_R "Validation Right" true true false 10 Text 0 0 ,First,#,RoadCenterline_domain,VALID_R,-1,-1;VERROR_911 "911 Validation Error" true true false 10 Text 0 0 ,First,#,RoadCenterline_domain,VERROR_911,-1,-1;STATUS "Lifecycle Status" true true false 20 Text 0 0 ,First,#,RoadCenterline_domain,STATUS,-1,-1;EFF_DATE "Effective Date" true true false 8 Date 0 0 ,First,#,RoadCenterline_domain,EFF_DATE,-1,-1;RET_DATE "Retired Date" true true false 8 Date 0 0 ,First,#,RoadCenterline_domain,RET_DATE,-1,-1;EDIT_ORG "Editing Organization" true true false 40 Text 0 0 ,First,#,RoadCenterline_domain,EDIT_ORG,-1,-1;EDIT_DATE "Edit Date" true true false 8 Date 0 0 ,First,#,RoadCenterline_domain,EDIT_DATE,-1,-1;FUNCLS_FED "Functional Class - Federal" true true false 1 Text 0 0 ,First,#,RoadCenterline_domain,FUNCLS_FED,-1,-1;FUNCLS_MET "Functional Class - Metro" true true false 3 Text 0 0 ,First,#,RoadCenterline_domain,FUNCLS_MET,-1,-1;SURF_TYPE "Surface Type" true true false 32 Text 0 0 ,First,#,RoadCenterline_domain,SURF_TYPE,-1,-1;NUM_LANES "Number of Lanes" true true false 2 Short 0 0 ,First,#,RoadCenterline_domain,NUM_LANES,-1,-1;COMMENTS "Comments" true true false 254 Text 0 0 ,First,#,RoadCenterline_domain,COMMENTS,-1,-1;SHAPE_Length "SHAPE_Length" false true true 8 Double 0 0 ,First,#,RoadCenterline_domain,Shape_Length,-1,-1" #</Process>
				<Process ToolSource="C:\program files\arcgis\server\ArcToolbox\Toolboxes\Conversion Tools.tbx\FeatureClassToFeatureClass" Date="20210306" Time="000033">FeatureClassToFeatureClass /var/ftp/gdrs_temp/update\us_mn_state_metrogis\trans_road_centerlines_gac\fgdb\trans_road_centerlines_gac_NoDomains.gdb\RoadCenterline /var/ftp/gdrs_temp/update\us_mn_state_metrogis\trans_road_centerlines_gac\shp RoadCenterline.shp # "ROADSEG_ID "Road Segment Unique Identifier" true true false 36 Text 0 0 ,First,#,/var/ftp/gdrs_temp/update\us_mn_state_metrogis\trans_road_centerlines_gac\fgdb\trans_road_centerlines_gac_NoDomains.gdb\RoadCenterline,ROADSEG_ID,-1,-1;ROUTE_ID "Route ID" true true false 18 Text 0 0 ,First,#,/var/ftp/gdrs_temp/update\us_mn_state_metrogis\trans_road_centerlines_gac\fgdb\trans_road_centerlines_gac_NoDomains.gdb\RoadCenterline,ROUTE_ID,-1,-1;ROUTE_SYS "Route System" true true false 2 Text 0 0 ,First,#,/var/ftp/gdrs_temp/update\us_mn_state_metrogis\trans_road_centerlines_gac\fgdb\trans_road_centerlines_gac_NoDomains.gdb\RoadCenterline,ROUTE_SYS,-1,-1;ROUTE_DIR "Route Direction" true true false 1 Text 0 0 ,First,#,/var/ftp/gdrs_temp/update\us_mn_state_metrogis\trans_road_centerlines_gac\fgdb\trans_road_centerlines_gac_NoDomains.gdb\RoadCenterline,ROUTE_DIR,-1,-1;LOC_STATE "Local to State" true true false 10 Text 0 0 ,First,#,/var/ftp/gdrs_temp/update\us_mn_state_metrogis\trans_road_centerlines_gac\fgdb\trans_road_centerlines_gac_NoDomains.gdb\RoadCenterline,LOC_STATE,-1,-1;PRIME_STAT "Primary Status" true true false 10 Text 0 0 ,First,#,/var/ftp/gdrs_temp/update\us_mn_state_metrogis\trans_road_centerlines_gac\fgdb\trans_road_centerlines_gac_NoDomains.gdb\RoadCenterline,PRIME_STAT,-1,-1;ST_PRE_MOD "Street Name Pre Modifier" true true false 15 Text 0 0 ,First,#,/var/ftp/gdrs_temp/update\us_mn_state_metrogis\trans_road_centerlines_gac\fgdb\trans_road_centerlines_gac_NoDomains.gdb\RoadCenterline,ST_PRE_MOD,-1,-1;ST_PRE_DIR "Street Name Pre Directional" true true false 9 Text 0 0 ,First,#,/var/ftp/gdrs_temp/update\us_mn_state_metrogis\trans_road_centerlines_gac\fgdb\trans_road_centerlines_gac_NoDomains.gdb\RoadCenterline,ST_PRE_DIR,-1,-1;ST_PRE_TYP "Street Name Pre Type" true true false 35 Text 0 0 ,First,#,/var/ftp/gdrs_temp/update\us_mn_state_metrogis\trans_road_centerlines_gac\fgdb\trans_road_centerlines_gac_NoDomains.gdb\RoadCenterline,ST_PRE_TYP,-1,-1;ST_PRE_SEP "Street Name Pre Separator" true true false 20 Text 0 0 ,First,#,/var/ftp/gdrs_temp/update\us_mn_state_metrogis\trans_road_centerlines_gac\fgdb\trans_road_centerlines_gac_NoDomains.gdb\RoadCenterline,ST_PRE_SEP,-1,-1;ST_NAME "Street Name" true true false 60 Text 0 0 ,First,#,/var/ftp/gdrs_temp/update\us_mn_state_metrogis\trans_road_centerlines_gac\fgdb\trans_road_centerlines_gac_NoDomains.gdb\RoadCenterline,ST_NAME,-1,-1;ST_POS_TYP "Street Name Post Type" true true false 15 Text 0 0 ,First,#,/var/ftp/gdrs_temp/update\us_mn_state_metrogis\trans_road_centerlines_gac\fgdb\trans_road_centerlines_gac_NoDomains.gdb\RoadCenterline,ST_POS_TYP,-1,-1;ST_POS_DIR "Street Name Post Directional" true true false 9 Text 0 0 ,First,#,/var/ftp/gdrs_temp/update\us_mn_state_metrogis\trans_road_centerlines_gac\fgdb\trans_road_centerlines_gac_NoDomains.gdb\RoadCenterline,ST_POS_DIR,-1,-1;ST_POS_MOD "Street Name Post Modifier" true true false 15 Text 0 0 ,First,#,/var/ftp/gdrs_temp/update\us_mn_state_metrogis\trans_road_centerlines_gac\fgdb\trans_road_centerlines_gac_NoDomains.gdb\RoadCenterline,ST_POS_MOD,-1,-1;ST_CONCAT "Street Name Full" true true false 150 Text 0 0 ,First,#,/var/ftp/gdrs_temp/update\us_mn_state_metrogis\trans_road_centerlines_gac\fgdb\trans_road_centerlines_gac_NoDomains.gdb\RoadCenterline,ST_CONCAT,-1,-1;ST_NAME_A1 "Alternate Street Name 1" true true false 150 Text 0 0 ,First,#,/var/ftp/gdrs_temp/update\us_mn_state_metrogis\trans_road_centerlines_gac\fgdb\trans_road_centerlines_gac_NoDomains.gdb\RoadCenterline,ST_NAME_A1,-1,-1;A1_MSAG_V "Alt 1 Legitimate MSAG Value" true true false 7 Text 0 0 ,First,#,/var/ftp/gdrs_temp/update\us_mn_state_metrogis\trans_road_centerlines_gac\fgdb\trans_road_centerlines_gac_NoDomains.gdb\RoadCenterline,A1_MSAG_V,-1,-1;ST_NAME_A2 "Alternate Street Name 2" true true false 150 Text 0 0 ,First,#,/var/ftp/gdrs_temp/update\us_mn_state_metrogis\trans_road_centerlines_gac\fgdb\trans_road_centerlines_gac_NoDomains.gdb\RoadCenterline,ST_NAME_A2,-1,-1;A2_MSAG_V "Alt 2 Legitimate MSAG Value" true true false 7 Text 0 0 ,First,#,/var/ftp/gdrs_temp/update\us_mn_state_metrogis\trans_road_centerlines_gac\fgdb\trans_road_centerlines_gac_NoDomains.gdb\RoadCenterline,A2_MSAG_V,-1,-1;ST_NAME_A3 "Alternate Street Name 3" true true false 150 Text 0 0 ,First,#,/var/ftp/gdrs_temp/update\us_mn_state_metrogis\trans_road_centerlines_gac\fgdb\trans_road_centerlines_gac_NoDomains.gdb\RoadCenterline,ST_NAME_A3,-1,-1;A3_MSAG_V "Alt 3 Legitimate MSAG Value" true true false 7 Text 0 0 ,First,#,/var/ftp/gdrs_temp/update\us_mn_state_metrogis\trans_road_centerlines_gac\fgdb\trans_road_centerlines_gac_NoDomains.gdb\RoadCenterline,A3_MSAG_V,-1,-1;ADD_FR_L "Left From Address" true true false 4 Long 0 0 ,First,#,/var/ftp/gdrs_temp/update\us_mn_state_metrogis\trans_road_centerlines_gac\fgdb\trans_road_centerlines_gac_NoDomains.gdb\RoadCenterline,ADD_FR_L,-1,-1;ADD_TO_L "Left To Address" true true false 4 Long 0 0 ,First,#,/var/ftp/gdrs_temp/update\us_mn_state_metrogis\trans_road_centerlines_gac\fgdb\trans_road_centerlines_gac_NoDomains.gdb\RoadCenterline,ADD_TO_L,-1,-1;ADD_FR_R "Right From Address" true true false 4 Long 0 0 ,First,#,/var/ftp/gdrs_temp/update\us_mn_state_metrogis\trans_road_centerlines_gac\fgdb\trans_road_centerlines_gac_NoDomains.gdb\RoadCenterline,ADD_FR_R,-1,-1;ADD_TO_R "Right To Address" true true false 4 Long 0 0 ,First,#,/var/ftp/gdrs_temp/update\us_mn_state_metrogis\trans_road_centerlines_gac\fgdb\trans_road_centerlines_gac_NoDomains.gdb\RoadCenterline,ADD_TO_R,-1,-1;PARITY_L "Left Parity" true true false 4 Text 0 0 ,First,#,/var/ftp/gdrs_temp/update\us_mn_state_metrogis\trans_road_centerlines_gac\fgdb\trans_road_centerlines_gac_NoDomains.gdb\RoadCenterline,PARITY_L,-1,-1;PARITY_R "Right Parity" true true false 4 Text 0 0 ,First,#,/var/ftp/gdrs_temp/update\us_mn_state_metrogis\trans_road_centerlines_gac\fgdb\trans_road_centerlines_gac_NoDomains.gdb\RoadCenterline,PARITY_R,-1,-1;ZIP_L "Left Zip Code" true true false 5 Text 0 0 ,First,#,/var/ftp/gdrs_temp/update\us_mn_state_metrogis\trans_road_centerlines_gac\fgdb\trans_road_centerlines_gac_NoDomains.gdb\RoadCenterline,ZIP_L,-1,-1;ZIP_R "Right Zip Code" true true false 5 Text 0 0 ,First,#,/var/ftp/gdrs_temp/update\us_mn_state_metrogis\trans_road_centerlines_gac\fgdb\trans_road_centerlines_gac_NoDomains.gdb\RoadCenterline,ZIP_R,-1,-1;CTU_NAME_L "Left CTU Name" true true false 100 Text 0 0 ,First,#,/var/ftp/gdrs_temp/update\us_mn_state_metrogis\trans_road_centerlines_gac\fgdb\trans_road_centerlines_gac_NoDomains.gdb\RoadCenterline,CTU_NAME_L,-1,-1;CTU_NAME_R "Right CTU Name" true true false 100 Text 0 0 ,First,#,/var/ftp/gdrs_temp/update\us_mn_state_metrogis\trans_road_centerlines_gac\fgdb\trans_road_centerlines_gac_NoDomains.gdb\RoadCenterline,CTU_NAME_R,-1,-1;CTU_ID_L "Left CTU Code" true true false 8 Text 0 0 ,First,#,/var/ftp/gdrs_temp/update\us_mn_state_metrogis\trans_road_centerlines_gac\fgdb\trans_road_centerlines_gac_NoDomains.gdb\RoadCenterline,CTU_ID_L,-1,-1;CTU_ID_R "Right CTU Code" true true false 8 Text 0 0 ,First,#,/var/ftp/gdrs_temp/update\us_mn_state_metrogis\trans_road_centerlines_gac\fgdb\trans_road_centerlines_gac_NoDomains.gdb\RoadCenterline,CTU_ID_R,-1,-1;POSTCOMM_L "Left Postal Community Name" true true false 40 Text 0 0 ,First,#,/var/ftp/gdrs_temp/update\us_mn_state_metrogis\trans_road_centerlines_gac\fgdb\trans_road_centerlines_gac_NoDomains.gdb\RoadCenterline,POSTCOMM_L,-1,-1;POSTCOMM_R "Right Postal Community Name" true true false 40 Text 0 0 ,First,#,/var/ftp/gdrs_temp/update\us_mn_state_metrogis\trans_road_centerlines_gac\fgdb\trans_road_centerlines_gac_NoDomains.gdb\RoadCenterline,POSTCOMM_R,-1,-1;CO_CODE_L "Left County Code" true true false 5 Text 0 0 ,First,#,/var/ftp/gdrs_temp/update\us_mn_state_metrogis\trans_road_centerlines_gac\fgdb\trans_road_centerlines_gac_NoDomains.gdb\RoadCenterline,CO_CODE_L,-1,-1;CO_CODE_R "Right County Code" true true false 5 Text 0 0 ,First,#,/var/ftp/gdrs_temp/update\us_mn_state_metrogis\trans_road_centerlines_gac\fgdb\trans_road_centerlines_gac_NoDomains.gdb\RoadCenterline,CO_CODE_R,-1,-1;CO_NAME_L "Left County Name" true true false 40 Text 0 0 ,First,#,/var/ftp/gdrs_temp/update\us_mn_state_metrogis\trans_road_centerlines_gac\fgdb\trans_road_centerlines_gac_NoDomains.gdb\RoadCenterline,CO_NAME_L,-1,-1;CO_NAME_R "Right County Name" true true false 40 Text 0 0 ,First,#,/var/ftp/gdrs_temp/update\us_mn_state_metrogis\trans_road_centerlines_gac\fgdb\trans_road_centerlines_gac_NoDomains.gdb\RoadCenterline,CO_NAME_R,-1,-1;STATE_L "Left State Code" true true false 2 Text 0 0 ,First,#,/var/ftp/gdrs_temp/update\us_mn_state_metrogis\trans_road_centerlines_gac\fgdb\trans_road_centerlines_gac_NoDomains.gdb\RoadCenterline,STATE_L,-1,-1;STATE_R "Right State Code" true true false 2 Text 0 0 ,First,#,/var/ftp/gdrs_temp/update\us_mn_state_metrogis\trans_road_centerlines_gac\fgdb\trans_road_centerlines_gac_NoDomains.gdb\RoadCenterline,STATE_R,-1,-1;ELEV_FROM "Elevation From" true true false 2 Short 0 0 ,First,#,/var/ftp/gdrs_temp/update\us_mn_state_metrogis\trans_road_centerlines_gac\fgdb\trans_road_centerlines_gac_NoDomains.gdb\RoadCenterline,ELEV_FROM,-1,-1;ELEV_TO "Elevation To" true true false 2 Short 0 0 ,First,#,/var/ftp/gdrs_temp/update\us_mn_state_metrogis\trans_road_centerlines_gac\fgdb\trans_road_centerlines_gac_NoDomains.gdb\RoadCenterline,ELEV_TO,-1,-1;ONEWAY "One Way" true true false 1 Text 0 0 ,First,#,/var/ftp/gdrs_temp/update\us_mn_state_metrogis\trans_road_centerlines_gac\fgdb\trans_road_centerlines_gac_NoDomains.gdb\RoadCenterline,ONEWAY,-1,-1;SPEED_IMP "Impedance Speed" true true false 2 Short 0 0 ,First,#,/var/ftp/gdrs_temp/update\us_mn_state_metrogis\trans_road_centerlines_gac\fgdb\trans_road_centerlines_gac_NoDomains.gdb\RoadCenterline,SPEED_IMP,-1,-1;EMERG_ACC "Emergency Access" true true false 10 Text 0 0 ,First,#,/var/ftp/gdrs_temp/update\us_mn_state_metrogis\trans_road_centerlines_gac\fgdb\trans_road_centerlines_gac_NoDomains.gdb\RoadCenterline,EMERG_ACC,-1,-1;ROUTESPEED "Routing Speed" true true false 2 Short 0 0 ,First,#,/var/ftp/gdrs_temp/update\us_mn_state_metrogis\trans_road_centerlines_gac\fgdb\trans_road_centerlines_gac_NoDomains.gdb\RoadCenterline,ROUTESPEED,-1,-1;ROUTE_NUM "Route Number" true true false 5 Text 0 0 ,First,#,/var/ftp/gdrs_temp/update\us_mn_state_metrogis\trans_road_centerlines_gac\fgdb\trans_road_centerlines_gac_NoDomains.gdb\RoadCenterline,ROUTE_NUM,-1,-1;GIS911POC "911 GIS Point-of-Contact" true true false 75 Text 0 0 ,First,#,/var/ftp/gdrs_temp/update\us_mn_state_metrogis\trans_road_centerlines_gac\fgdb\trans_road_centerlines_gac_NoDomains.gdb\RoadCenterline,GIS911POC,-1,-1;ESN_L "Left Emergency Service Number" true true false 5 Text 0 0 ,First,#,/var/ftp/gdrs_temp/update\us_mn_state_metrogis\trans_road_centerlines_gac\fgdb\trans_road_centerlines_gac_NoDomains.gdb\RoadCenterline,ESN_L,-1,-1;ESN_R "Right Emergency Service Number" true true false 5 Text 0 0 ,First,#,/var/ftp/gdrs_temp/update\us_mn_state_metrogis\trans_road_centerlines_gac\fgdb\trans_road_centerlines_gac_NoDomains.gdb\RoadCenterline,ESN_R,-1,-1;PSAP_L "Left PSAP Code" true true false 5 Text 0 0 ,First,#,/var/ftp/gdrs_temp/update\us_mn_state_metrogis\trans_road_centerlines_gac\fgdb\trans_road_centerlines_gac_NoDomains.gdb\RoadCenterline,PSAP_L,-1,-1;PSAP_R "Right PSAP Code" true true false 5 Text 0 0 ,First,#,/var/ftp/gdrs_temp/update\us_mn_state_metrogis\trans_road_centerlines_gac\fgdb\trans_road_centerlines_gac_NoDomains.gdb\RoadCenterline,PSAP_R,-1,-1;MSAG_C_L "Left MSAG Community Name" true true false 30 Text 0 0 ,First,#,/var/ftp/gdrs_temp/update\us_mn_state_metrogis\trans_road_centerlines_gac\fgdb\trans_road_centerlines_gac_NoDomains.gdb\RoadCenterline,MSAG_C_L,-1,-1;MSAG_C_R "Right MSAG Community Name" true true false 30 Text 0 0 ,First,#,/var/ftp/gdrs_temp/update\us_mn_state_metrogis\trans_road_centerlines_gac\fgdb\trans_road_centerlines_gac_NoDomains.gdb\RoadCenterline,MSAG_C_R,-1,-1;VALID_L "Validation Left" true true false 10 Text 0 0 ,First,#,/var/ftp/gdrs_temp/update\us_mn_state_metrogis\trans_road_centerlines_gac\fgdb\trans_road_centerlines_gac_NoDomains.gdb\RoadCenterline,VALID_L,-1,-1;VALID_R "Validation Right" true true false 10 Text 0 0 ,First,#,/var/ftp/gdrs_temp/update\us_mn_state_metrogis\trans_road_centerlines_gac\fgdb\trans_road_centerlines_gac_NoDomains.gdb\RoadCenterline,VALID_R,-1,-1;VERROR_911 "911 Validation Error" true true false 10 Text 0 0 ,First,#,/var/ftp/gdrs_temp/update\us_mn_state_metrogis\trans_road_centerlines_gac\fgdb\trans_road_centerlines_gac_NoDomains.gdb\RoadCenterline,VERROR_911,-1,-1;STATUS "Lifecycle Status" true true false 20 Text 0 0 ,First,#,/var/ftp/gdrs_temp/update\us_mn_state_metrogis\trans_road_centerlines_gac\fgdb\trans_road_centerlines_gac_NoDomains.gdb\RoadCenterline,STATUS,-1,-1;EFF_DATE "Effective Date" true true false 8 Date 0 0 ,First,#,/var/ftp/gdrs_temp/update\us_mn_state_metrogis\trans_road_centerlines_gac\fgdb\trans_road_centerlines_gac_NoDomains.gdb\RoadCenterline,EFF_DATE,-1,-1;RET_DATE "Retired Date" true true false 8 Date 0 0 ,First,#,/var/ftp/gdrs_temp/update\us_mn_state_metrogis\trans_road_centerlines_gac\fgdb\trans_road_centerlines_gac_NoDomains.gdb\RoadCenterline,RET_DATE,-1,-1;EDIT_ORG "Editing Organization" true true false 40 Text 0 0 ,First,#,/var/ftp/gdrs_temp/update\us_mn_state_metrogis\trans_road_centerlines_gac\fgdb\trans_road_centerlines_gac_NoDomains.gdb\RoadCenterline,EDIT_ORG,-1,-1;EDIT_DATE "Edit Date" true true false 8 Date 0 0 ,First,#,/var/ftp/gdrs_temp/update\us_mn_state_metrogis\trans_road_centerlines_gac\fgdb\trans_road_centerlines_gac_NoDomains.gdb\RoadCenterline,EDIT_DATE,-1,-1;FUNCLS_FED "Functional Class - Federal" true true false 1 Text 0 0 ,First,#,/var/ftp/gdrs_temp/update\us_mn_state_metrogis\trans_road_centerlines_gac\fgdb\trans_road_centerlines_gac_NoDomains.gdb\RoadCenterline,FUNCLS_FED,-1,-1;FUNCLS_MET "Functional Class - Metro" true true false 3 Text 0 0 ,First,#,/var/ftp/gdrs_temp/update\us_mn_state_metrogis\trans_road_centerlines_gac\fgdb\trans_road_centerlines_gac_NoDomains.gdb\RoadCenterline,FUNCLS_MET,-1,-1;SURF_TYPE "Surface Type" true true false 32 Text 0 0 ,First,#,/var/ftp/gdrs_temp/update\us_mn_state_metrogis\trans_road_centerlines_gac\fgdb\trans_road_centerlines_gac_NoDomains.gdb\RoadCenterline,SURF_TYPE,-1,-1;NUM_LANES "Number of Lanes" true true false 2 Short 0 0 ,First,#,/var/ftp/gdrs_temp/update\us_mn_state_metrogis\trans_road_centerlines_gac\fgdb\trans_road_centerlines_gac_NoDomains.gdb\RoadCenterline,NUM_LANES,-1,-1;COMMENTS "Comments" true true false 254 Text 0 0 ,First,#,/var/ftp/gdrs_temp/update\us_mn_state_metrogis\trans_road_centerlines_gac\fgdb\trans_road_centerlines_gac_NoDomains.gdb\RoadCenterline,COMMENTS,-1,-1;SHAPE_Leng "SHAPE_Leng" false true true 8 Double 0 0 ,First,#,/var/ftp/gdrs_temp/update\us_mn_state_metrogis\trans_road_centerlines_gac\fgdb\trans_road_centerlines_gac_NoDomains.gdb\RoadCenterline,SHAPE_Length,-1,-1" #</Process>
				<Process ToolSource="c:\program files\arcgis\pro\Resources\ArcToolbox\toolboxes\Conversion Tools.tbx\FeatureClassToFeatureClass" Date="20210312" Time="195717">FeatureClassToFeatureClass C:\Users\Cole\Documents\GitHub\GIS5572\Lab3\Data\shp_trans_road_centerlines_gac\RoadCenterline.shp C:\Users\Cole\Documents\GitHub\GIS5572\Lab3\Lab3.gdb\MSP_Trial Roadlines # "ROADSEG_ID "ROADSEG_ID" true true false 36 Text 0 0,First,#,C:\Users\Cole\Documents\GitHub\GIS5572\Lab3\Data\shp_trans_road_centerlines_gac\RoadCenterline.shp,ROADSEG_ID,0,36;ROUTE_ID "ROUTE_ID" true true false 18 Text 0 0,First,#,C:\Users\Cole\Documents\GitHub\GIS5572\Lab3\Data\shp_trans_road_centerlines_gac\RoadCenterline.shp,ROUTE_ID,0,18;ROUTE_SYS "ROUTE_SYS" true true false 2 Text 0 0,First,#,C:\Users\Cole\Documents\GitHub\GIS5572\Lab3\Data\shp_trans_road_centerlines_gac\RoadCenterline.shp,ROUTE_SYS,0,2;ROUTE_DIR "ROUTE_DIR" true true false 1 Text 0 0,First,#,C:\Users\Cole\Documents\GitHub\GIS5572\Lab3\Data\shp_trans_road_centerlines_gac\RoadCenterline.shp,ROUTE_DIR,0,1;LOC_STATE "LOC_STATE" true true false 10 Text 0 0,First,#,C:\Users\Cole\Documents\GitHub\GIS5572\Lab3\Data\shp_trans_road_centerlines_gac\RoadCenterline.shp,LOC_STATE,0,10;PRIME_STAT "PRIME_STAT" true true false 10 Text 0 0,First,#,C:\Users\Cole\Documents\GitHub\GIS5572\Lab3\Data\shp_trans_road_centerlines_gac\RoadCenterline.shp,PRIME_STAT,0,10;ST_PRE_MOD "ST_PRE_MOD" true true false 15 Text 0 0,First,#,C:\Users\Cole\Documents\GitHub\GIS5572\Lab3\Data\shp_trans_road_centerlines_gac\RoadCenterline.shp,ST_PRE_MOD,0,15;ST_PRE_DIR "ST_PRE_DIR" true true false 9 Text 0 0,First,#,C:\Users\Cole\Documents\GitHub\GIS5572\Lab3\Data\shp_trans_road_centerlines_gac\RoadCenterline.shp,ST_PRE_DIR,0,9;ST_PRE_TYP "ST_PRE_TYP" true true false 35 Text 0 0,First,#,C:\Users\Cole\Documents\GitHub\GIS5572\Lab3\Data\shp_trans_road_centerlines_gac\RoadCenterline.shp,ST_PRE_TYP,0,35;ST_PRE_SEP "ST_PRE_SEP" true true false 20 Text 0 0,First,#,C:\Users\Cole\Documents\GitHub\GIS5572\Lab3\Data\shp_trans_road_centerlines_gac\RoadCenterline.shp,ST_PRE_SEP,0,20;ST_NAME "ST_NAME" true true false 60 Text 0 0,First,#,C:\Users\Cole\Documents\GitHub\GIS5572\Lab3\Data\shp_trans_road_centerlines_gac\RoadCenterline.shp,ST_NAME,0,60;ST_POS_TYP "ST_POS_TYP" true true false 15 Text 0 0,First,#,C:\Users\Cole\Documents\GitHub\GIS5572\Lab3\Data\shp_trans_road_centerlines_gac\RoadCenterline.shp,ST_POS_TYP,0,15;ST_POS_DIR "ST_POS_DIR" true true false 9 Text 0 0,First,#,C:\Users\Cole\Documents\GitHub\GIS5572\Lab3\Data\shp_trans_road_centerlines_gac\RoadCenterline.shp,ST_POS_DIR,0,9;ST_POS_MOD "ST_POS_MOD" true true false 15 Text 0 0,First,#,C:\Users\Cole\Documents\GitHub\GIS5572\Lab3\Data\shp_trans_road_centerlines_gac\RoadCenterline.shp,ST_POS_MOD,0,15;ST_CONCAT "ST_CONCAT" true true false 150 Text 0 0,First,#,C:\Users\Cole\Documents\GitHub\GIS5572\Lab3\Data\shp_trans_road_centerlines_gac\RoadCenterline.shp,ST_CONCAT,0,150;ST_NAME_A1 "ST_NAME_A1" true true false 150 Text 0 0,First,#,C:\Users\Cole\Documents\GitHub\GIS5572\Lab3\Data\shp_trans_road_centerlines_gac\RoadCenterline.shp,ST_NAME_A1,0,150;A1_MSAG_V "A1_MSAG_V" true true false 7 Text 0 0,First,#,C:\Users\Cole\Documents\GitHub\GIS5572\Lab3\Data\shp_trans_road_centerlines_gac\RoadCenterline.shp,A1_MSAG_V,0,7;ST_NAME_A2 "ST_NAME_A2" true true false 150 Text 0 0,First,#,C:\Users\Cole\Documents\GitHub\GIS5572\Lab3\Data\shp_trans_road_centerlines_gac\RoadCenterline.shp,ST_NAME_A2,0,150;A2_MSAG_V "A2_MSAG_V" true true false 7 Text 0 0,First,#,C:\Users\Cole\Documents\GitHub\GIS5572\Lab3\Data\shp_trans_road_centerlines_gac\RoadCenterline.shp,A2_MSAG_V,0,7;ST_NAME_A3 "ST_NAME_A3" true true false 150 Text 0 0,First,#,C:\Users\Cole\Documents\GitHub\GIS5572\Lab3\Data\shp_trans_road_centerlines_gac\RoadCenterline.shp,ST_NAME_A3,0,150;A3_MSAG_V "A3_MSAG_V" true true false 7 Text 0 0,First,#,C:\Users\Cole\Documents\GitHub\GIS5572\Lab3\Data\shp_trans_road_centerlines_gac\RoadCenterline.shp,A3_MSAG_V,0,7;ADD_FR_L "ADD_FR_L" true true false 10 Long 0 10,First,#,C:\Users\Cole\Documents\GitHub\GIS5572\Lab3\Data\shp_trans_road_centerlines_gac\RoadCenterline.shp,ADD_FR_L,-1,-1;ADD_TO_L "ADD_TO_L" true true false 10 Long 0 10,First,#,C:\Users\Cole\Documents\GitHub\GIS5572\Lab3\Data\shp_trans_road_centerlines_gac\RoadCenterline.shp,ADD_TO_L,-1,-1;ADD_FR_R "ADD_FR_R" true true false 10 Long 0 10,First,#,C:\Users\Cole\Documents\GitHub\GIS5572\Lab3\Data\shp_trans_road_centerlines_gac\RoadCenterline.shp,ADD_FR_R,-1,-1;ADD_TO_R "ADD_TO_R" true true false 10 Long 0 10,First,#,C:\Users\Cole\Documents\GitHub\GIS5572\Lab3\Data\shp_trans_road_centerlines_gac\RoadCenterline.shp,ADD_TO_R,-1,-1;PARITY_L "PARITY_L" true true false 4 Text 0 0,First,#,C:\Users\Cole\Documents\GitHub\GIS5572\Lab3\Data\shp_trans_road_centerlines_gac\RoadCenterline.shp,PARITY_L,0,4;PARITY_R "PARITY_R" true true false 4 Text 0 0,First,#,C:\Users\Cole\Documents\GitHub\GIS5572\Lab3\Data\shp_trans_road_centerlines_gac\RoadCenterline.shp,PARITY_R,0,4;ZIP_L "ZIP_L" true true false 5 Text 0 0,First,#,C:\Users\Cole\Documents\GitHub\GIS5572\Lab3\Data\shp_trans_road_centerlines_gac\RoadCenterline.shp,ZIP_L,0,5;ZIP_R "ZIP_R" true true false 5 Text 0 0,First,#,C:\Users\Cole\Documents\GitHub\GIS5572\Lab3\Data\shp_trans_road_centerlines_gac\RoadCenterline.shp,ZIP_R,0,5;CTU_NAME_L "CTU_NAME_L" true true false 100 Text 0 0,First,#,C:\Users\Cole\Documents\GitHub\GIS5572\Lab3\Data\shp_trans_road_centerlines_gac\RoadCenterline.shp,CTU_NAME_L,0,100;CTU_NAME_R "CTU_NAME_R" true true false 100 Text 0 0,First,#,C:\Users\Cole\Documents\GitHub\GIS5572\Lab3\Data\shp_trans_road_centerlines_gac\RoadCenterline.shp,CTU_NAME_R,0,100;CTU_ID_L "CTU_ID_L" true true false 8 Text 0 0,First,#,C:\Users\Cole\Documents\GitHub\GIS5572\Lab3\Data\shp_trans_road_centerlines_gac\RoadCenterline.shp,CTU_ID_L,0,8;CTU_ID_R "CTU_ID_R" true true false 8 Text 0 0,First,#,C:\Users\Cole\Documents\GitHub\GIS5572\Lab3\Data\shp_trans_road_centerlines_gac\RoadCenterline.shp,CTU_ID_R,0,8;POSTCOMM_L "POSTCOMM_L" true true false 40 Text 0 0,First,#,C:\Users\Cole\Documents\GitHub\GIS5572\Lab3\Data\shp_trans_road_centerlines_gac\RoadCenterline.shp,POSTCOMM_L,0,40;POSTCOMM_R "POSTCOMM_R" true true false 40 Text 0 0,First,#,C:\Users\Cole\Documents\GitHub\GIS5572\Lab3\Data\shp_trans_road_centerlines_gac\RoadCenterline.shp,POSTCOMM_R,0,40;CO_CODE_L "CO_CODE_L" true true false 5 Text 0 0,First,#,C:\Users\Cole\Documents\GitHub\GIS5572\Lab3\Data\shp_trans_road_centerlines_gac\RoadCenterline.shp,CO_CODE_L,0,5;CO_CODE_R "CO_CODE_R" true true false 5 Text 0 0,First,#,C:\Users\Cole\Documents\GitHub\GIS5572\Lab3\Data\shp_trans_road_centerlines_gac\RoadCenterline.shp,CO_CODE_R,0,5;CO_NAME_L "CO_NAME_L" true true false 40 Text 0 0,First,#,C:\Users\Cole\Documents\GitHub\GIS5572\Lab3\Data\shp_trans_road_centerlines_gac\RoadCenterline.shp,CO_NAME_L,0,40;CO_NAME_R "CO_NAME_R" true true false 40 Text 0 0,First,#,C:\Users\Cole\Documents\GitHub\GIS5572\Lab3\Data\shp_trans_road_centerlines_gac\RoadCenterline.shp,CO_NAME_R,0,40;STATE_L "STATE_L" true true false 2 Text 0 0,First,#,C:\Users\Cole\Documents\GitHub\GIS5572\Lab3\Data\shp_trans_road_centerlines_gac\RoadCenterline.shp,STATE_L,0,2;STATE_R "STATE_R" true true false 2 Text 0 0,First,#,C:\Users\Cole\Documents\GitHub\GIS5572\Lab3\Data\shp_trans_road_centerlines_gac\RoadCenterline.shp,STATE_R,0,2;ELEV_FROM "ELEV_FROM" true true false 5 Long 0 5,First,#,C:\Users\Cole\Documents\GitHub\GIS5572\Lab3\Data\shp_trans_road_centerlines_gac\RoadCenterline.shp,ELEV_FROM,-1,-1;ELEV_TO "ELEV_TO" true true false 5 Long 0 5,First,#,C:\Users\Cole\Documents\GitHub\GIS5572\Lab3\Data\shp_trans_road_centerlines_gac\RoadCenterline.shp,ELEV_TO,-1,-1;ONEWAY "ONEWAY" true true false 1 Text 0 0,First,#,C:\Users\Cole\Documents\GitHub\GIS5572\Lab3\Data\shp_trans_road_centerlines_gac\RoadCenterline.shp,ONEWAY,0,1;SPEED_IMP "SPEED_IMP" true true false 5 Long 0 5,First,#,C:\Users\Cole\Documents\GitHub\GIS5572\Lab3\Data\shp_trans_road_centerlines_gac\RoadCenterline.shp,SPEED_IMP,-1,-1;EMERG_ACC "EMERG_ACC" true true false 10 Text 0 0,First,#,C:\Users\Cole\Documents\GitHub\GIS5572\Lab3\Data\shp_trans_road_centerlines_gac\RoadCenterline.shp,EMERG_ACC,0,10;ROUTESPEED "ROUTESPEED" true true false 5 Long 0 5,First,#,C:\Users\Cole\Documents\GitHub\GIS5572\Lab3\Data\shp_trans_road_centerlines_gac\RoadCenterline.shp,ROUTESPEED,-1,-1;ROUTE_NUM "ROUTE_NUM" true true false 5 Text 0 0,First,#,C:\Users\Cole\Documents\GitHub\GIS5572\Lab3\Data\shp_trans_road_centerlines_gac\RoadCenterline.shp,ROUTE_NUM,0,5;GIS911POC "GIS911POC" true true false 75 Text 0 0,First,#,C:\Users\Cole\Documents\GitHub\GIS5572\Lab3\Data\shp_trans_road_centerlines_gac\RoadCenterline.shp,GIS911POC,0,75;ESN_L "ESN_L" true true false 5 Text 0 0,First,#,C:\Users\Cole\Documents\GitHub\GIS5572\Lab3\Data\shp_trans_road_centerlines_gac\RoadCenterline.shp,ESN_L,0,5;ESN_R "ESN_R" true true false 5 Text 0 0,First,#,C:\Users\Cole\Documents\GitHub\GIS5572\Lab3\Data\shp_trans_road_centerlines_gac\RoadCenterline.shp,ESN_R,0,5;PSAP_L "PSAP_L" true true false 5 Text 0 0,First,#,C:\Users\Cole\Documents\GitHub\GIS5572\Lab3\Data\shp_trans_road_centerlines_gac\RoadCenterline.shp,PSAP_L,0,5;PSAP_R "PSAP_R" true true false 5 Text 0 0,First,#,C:\Users\Cole\Documents\GitHub\GIS5572\Lab3\Data\shp_trans_road_centerlines_gac\RoadCenterline.shp,PSAP_R,0,5;MSAG_C_L "MSAG_C_L" true true false 30 Text 0 0,First,#,C:\Users\Cole\Documents\GitHub\GIS5572\Lab3\Data\shp_trans_road_centerlines_gac\RoadCenterline.shp,MSAG_C_L,0,30;MSAG_C_R "MSAG_C_R" true true false 30 Text 0 0,First,#,C:\Users\Cole\Documents\GitHub\GIS5572\Lab3\Data\shp_trans_road_centerlines_gac\RoadCenterline.shp,MSAG_C_R,0,30;VALID_L "VALID_L" true true false 10 Text 0 0,First,#,C:\Users\Cole\Documents\GitHub\GIS5572\Lab3\Data\shp_trans_road_centerlines_gac\RoadCenterline.shp,VALID_L,0,10;VALID_R "VALID_R" true true false 10 Text 0 0,First,#,C:\Users\Cole\Documents\GitHub\GIS5572\Lab3\Data\shp_trans_road_centerlines_gac\RoadCenterline.shp,VALID_R,0,10;VERROR_911 "VERROR_911" true true false 10 Text 0 0,First,#,C:\Users\Cole\Documents\GitHub\GIS5572\Lab3\Data\shp_trans_road_centerlines_gac\RoadCenterline.shp,VERROR_911,0,10;STATUS "STATUS" true true false 20 Text 0 0,First,#,C:\Users\Cole\Documents\GitHub\GIS5572\Lab3\Data\shp_trans_road_centerlines_gac\RoadCenterline.shp,STATUS,0,20;EFF_DATE "EFF_DATE" true true false 8 Date 0 0,First,#,C:\Users\Cole\Documents\GitHub\GIS5572\Lab3\Data\shp_trans_road_centerlines_gac\RoadCenterline.shp,EFF_DATE,-1,-1;RET_DATE "RET_DATE" true true false 8 Date 0 0,First,#,C:\Users\Cole\Documents\GitHub\GIS5572\Lab3\Data\shp_trans_road_centerlines_gac\RoadCenterline.shp,RET_DATE,-1,-1;EDIT_ORG "EDIT_ORG" true true false 40 Text 0 0,First,#,C:\Users\Cole\Documents\GitHub\GIS5572\Lab3\Data\shp_trans_road_centerlines_gac\RoadCenterline.shp,EDIT_ORG,0,40;EDIT_DATE "EDIT_DATE" true true false 8 Date 0 0,First,#,C:\Users\Cole\Documents\GitHub\GIS5572\Lab3\Data\shp_trans_road_centerlines_gac\RoadCenterline.shp,EDIT_DATE,-1,-1;FUNCLS_FED "FUNCLS_FED" true true false 1 Text 0 0,First,#,C:\Users\Cole\Documents\GitHub\GIS5572\Lab3\Data\shp_trans_road_centerlines_gac\RoadCenterline.shp,FUNCLS_FED,0,1;FUNCLS_MET "FUNCLS_MET" true true false 3 Text 0 0,First,#,C:\Users\Cole\Documents\GitHub\GIS5572\Lab3\Data\shp_trans_road_centerlines_gac\RoadCenterline.shp,FUNCLS_MET,0,3;SURF_TYPE "SURF_TYPE" true true false 32 Text 0 0,First,#,C:\Users\Cole\Documents\GitHub\GIS5572\Lab3\Data\shp_trans_road_centerlines_gac\RoadCenterline.shp,SURF_TYPE,0,32;NUM_LANES "NUM_LANES" true true false 5 Long 0 5,First,#,C:\Users\Cole\Documents\GitHub\GIS5572\Lab3\Data\shp_trans_road_centerlines_gac\RoadCenterline.shp,NUM_LANES,-1,-1;COMMENTS "COMMENTS" true true false 254 Text 0 0,First,#,C:\Users\Cole\Documents\GitHub\GIS5572\Lab3\Data\shp_trans_road_centerlines_gac\RoadCenterline.shp,COMMENTS,0,254;SHAPE_Leng "SHAPE_Leng" true true false 19 Double 0 0,First,#,C:\Users\Cole\Documents\GitHub\GIS5572\Lab3\Data\shp_trans_road_centerlines_gac\RoadCenterline.shp,SHAPE_Leng,-1,-1" #</Process><Process ToolSource="c:\program files (x86)\arcgis\desktop10.7\ArcToolbox\Toolboxes\Data Management Tools.tbx\Dissolve" Date="20210325" Time="131002">Dissolve "Roadlines selection 2" "C:\Users\Cole\Documents\GitHub\GIS5572\Lab3\Barrier Layer.shp" # # MULTI_PART DISSOLVE_LINES</Process><Process ToolSource="c:\program files (x86)\arcgis\desktop10.7\ArcToolbox\Toolboxes\Analysis Tools.tbx\Buffer" Date="20210326" Time="134352">Buffer "Barrier Layer" C:\Users\Cole\Documents\ArcGIS\Default.gdb\BarrierLayer_Buffer "15 Meters" FULL ROUND NONE # PLANAR</Process><Process ToolSource="c:\program files (x86)\arcgis\desktop10.7\ArcToolbox\Toolboxes\Data Management Tools.tbx\Dissolve" Date="20210326" Time="134434">Dissolve BarrierLayer_Buffer C:\Users\Cole\Documents\ArcGIS\Default.gdb\BarrierLayer_Buffer_Dissolve # # MULTI_PART DISSOLVE_LINES</Process></lineage>
			<copyHistory><copy source="C:\Users\Cole\Documents\GitHub\GIS5572\Lab3\ClippedBarrier" dest="\\DESKTOP-JTOTD8C\C$\Users\Cole\Documents\GitHub\GIS5572\Lab3\Finished Items\ClippedBarrier" date="20210326" time="19004700"></copy></copyHistory></DataProperties>
		<SyncDate>20210326</SyncDate>
		<SyncTime>13443400</SyncTime>
		<ModDate>20210326</ModDate>
		<ModTime>13443400</ModTime>
	</Esri>
	<dataIdInfo>
		<envirDesc Sync="TRUE"> Version 6.2 (Build 9200) ; Esri ArcGIS 10.7.1.11595</envirDesc>
		<dataLang>
			<languageCode value="eng" Sync="TRUE"/>
			<countryCode value="USA" Sync="TRUE"/>
		</dataLang>
		<idCitation>
			<resTitle Sync="TRUE">BarrierLayer_Buffer_Dissolve</resTitle>
			<presForm>
				<PresFormCd value="005" Sync="TRUE"/>
			</presForm>
		</idCitation>
		<spatRpType>
			<SpatRepTypCd value="001" Sync="TRUE"/>
		</spatRpType>
	</dataIdInfo>
	<mdLang>
		<languageCode value="eng" Sync="TRUE"/>
		<countryCode value="USA" Sync="TRUE"/>
	</mdLang>
	<mdChar>
		<CharSetCd value="004" Sync="TRUE"/>
	</mdChar>
	<distInfo>
		<distFormat>
			<formatName Sync="TRUE">File Geodatabase Feature Class</formatName>
		</distFormat>
		<distTranOps>
			<transSize Sync="TRUE">0.000</transSize>
		</distTranOps>
	</distInfo>
	<mdHrLv>
		<ScopeCd value="005" Sync="TRUE"/>
	</mdHrLv>
	<mdHrLvName Sync="TRUE">dataset</mdHrLvName>
	<refSysInfo>
		<RefSystem>
			<refSysID>
				<identCode code="4326" Sync="TRUE"/>
				<idCodeSpace Sync="TRUE">EPSG</idCodeSpace>
				<idVersion Sync="TRUE">6.14(3.0.1)</idVersion>
			</refSysID>
		</RefSystem>
	</refSysInfo>
	<spatRepInfo>
		<VectSpatRep><geometObjs Name="BarrierLayer_Buffer_Dissolve"><geoObjTyp><GeoObjTypCd value="002" Sync="TRUE"></GeoObjTypCd></geoObjTyp><geoObjCnt Sync="TRUE">0</geoObjCnt></geometObjs><topLvl><TopoLevCd value="001" Sync="TRUE"></TopoLevCd></topLvl></VectSpatRep></spatRepInfo>
	<spdoinfo>
		<ptvctinf><esriterm Name="BarrierLayer_Buffer_Dissolve"><efeatyp Sync="TRUE">Simple</efeatyp><efeageom code="4" Sync="TRUE"></efeageom><esritopo Sync="TRUE">FALSE</esritopo><efeacnt Sync="TRUE">0</efeacnt><spindex Sync="TRUE">TRUE</spindex><linrefer Sync="TRUE">FALSE</linrefer></esriterm></ptvctinf></spdoinfo>
	<eainfo>
		<detailed Name="BarrierLayer_Buffer_Dissolve">
			<enttyp>
				<enttypl Sync="TRUE">BarrierLayer_Buffer_Dissolve</enttypl>
				<enttypt Sync="TRUE">Feature Class</enttypt>
				<enttypc Sync="TRUE">0</enttypc>
			</enttyp>
			<attr><attrlabl Sync="TRUE">OBJECTID</attrlabl><attalias Sync="TRUE">FID</attalias><attrtype Sync="TRUE">OID</attrtype><attwidth Sync="TRUE">4</attwidth><atprecis Sync="TRUE">0</atprecis><attscale Sync="TRUE">0</attscale><attrdef Sync="TRUE">Internal feature number.</attrdef><attrdefs Sync="TRUE">Esri</attrdefs><attrdomv><udom Sync="TRUE">Sequential unique whole numbers that are automatically generated.</udom></attrdomv></attr><attr>
				<attrlabl Sync="TRUE">SHAPE</attrlabl>
				<attalias Sync="TRUE">Shape</attalias>
				<attrtype Sync="TRUE">Geometry</attrtype>
				<attwidth Sync="TRUE">0</attwidth>
				<atprecis Sync="TRUE">0</atprecis>
				<attscale Sync="TRUE">0</attscale>
				<attrdef Sync="TRUE">Feature geometry.</attrdef>
				<attrdefs Sync="TRUE">Esri</attrdefs>
				<attrdomv>
					<udom Sync="TRUE">Coordinates defining the features.</udom>
				</attrdomv>
			</attr>
			<attr><attrlabl Sync="TRUE">Shape_Length</attrlabl><attalias Sync="TRUE">Shape_Length</attalias><attrtype Sync="TRUE">Double</attrtype><attwidth Sync="TRUE">8</attwidth><atprecis Sync="TRUE">0</atprecis><attscale Sync="TRUE">0</attscale><attrdef Sync="TRUE">Length of feature in internal units.</attrdef><attrdefs Sync="TRUE">Esri</attrdefs><attrdomv><udom Sync="TRUE">Positive real numbers that are automatically generated.</udom></attrdomv></attr><attr><attrlabl Sync="TRUE">Shape_Area</attrlabl><attalias Sync="TRUE">Shape_Area</attalias><attrtype Sync="TRUE">Double</attrtype><attwidth Sync="TRUE">8</attwidth><atprecis Sync="TRUE">0</atprecis><attscale Sync="TRUE">0</attscale><attrdef Sync="TRUE">Area of feature in internal units squared.</attrdef><attrdefs Sync="TRUE">Esri</attrdefs><attrdomv><udom Sync="TRUE">Positive real numbers that are automatically generated.</udom></attrdomv></attr></detailed>
	</eainfo>
	<mdDateSt Sync="TRUE">20210326</mdDateSt>
</metadata>
