<metadata xml:lang="en"><Esri><CreaDate>20210326</CreaDate><CreaTime>18504100</CreaTime><ArcGISFormat>1.0</ArcGISFormat><SyncOnce>FALSE</SyncOnce><DataProperties><itemProps><itemName Sync="TRUE">ESRI_ReadyTool</itemName><imsContentType Sync="TRUE">002</imsContentType><itemLocation><linkage Sync="TRUE">file://\\DESKTOP-JTOTD8C\C$\Users\Cole\Documents\GitHub\GIS5572\Lab3\Finished Items\ESRI_ReadyTool</linkage><protocol Sync="TRUE">Local Area Network</protocol></itemLocation><itemSize Sync="TRUE">0.000</itemSize></itemProps><coordRef><type Sync="TRUE">Geographic</type><geogcsn Sync="TRUE">GCS_WGS_1984</geogcsn><csUnits Sync="TRUE">Angular Unit: Degree (0.017453)</csUnits><peXml Sync="TRUE">&lt;GeographicCoordinateSystem xsi:type='typens:GeographicCoordinateSystem' xmlns:xsi='http://www.w3.org/2001/XMLSchema-instance' xmlns:xs='http://www.w3.org/2001/XMLSchema' xmlns:typens='http://www.esri.com/schemas/ArcGIS/2.6.0'&gt;&lt;WKT&gt;GEOGCS[&amp;quot;GCS_WGS_1984&amp;quot;,DATUM[&amp;quot;D_WGS_1984&amp;quot;,SPHEROID[&amp;quot;WGS_1984&amp;quot;,6378137.0,298.257223563]],PRIMEM[&amp;quot;Greenwich&amp;quot;,0.0],UNIT[&amp;quot;Degree&amp;quot;,0.0174532925199433],AUTHORITY[&amp;quot;EPSG&amp;quot;,4326]]&lt;/WKT&gt;&lt;XOrigin&gt;-400&lt;/XOrigin&gt;&lt;YOrigin&gt;-400&lt;/YOrigin&gt;&lt;XYScale&gt;11258999068426.238&lt;/XYScale&gt;&lt;ZOrigin&gt;-100000&lt;/ZOrigin&gt;&lt;ZScale&gt;10000&lt;/ZScale&gt;&lt;MOrigin&gt;-100000&lt;/MOrigin&gt;&lt;MScale&gt;10000&lt;/MScale&gt;&lt;XYTolerance&gt;8.983152841195215e-09&lt;/XYTolerance&gt;&lt;ZTolerance&gt;0.001&lt;/ZTolerance&gt;&lt;MTolerance&gt;0.001&lt;/MTolerance&gt;&lt;HighPrecision&gt;true&lt;/HighPrecision&gt;&lt;LeftLongitude&gt;-180&lt;/LeftLongitude&gt;&lt;WKID&gt;4326&lt;/WKID&gt;&lt;LatestWKID&gt;4326&lt;/LatestWKID&gt;&lt;/GeographicCoordinateSystem&gt;</peXml></coordRef><lineage><Process ToolSource="c:\program files\arcgis\pro\Resources\ArcToolbox\toolboxes\Conversion Tools.tbx\FeatureClassToFeatureClass" Date="20210326" Time="185042">FeatureClassToFeatureClass "Output Routes AutoSolver" C:\Users\Cole\Documents\GitHub\GIS5572\Lab3\Lab3.gdb ReadyToUse # "Name "Name" true true false 1024 Text 0 0,First,#,Output Routes AutoSolver,Name,0,1024;ViolatedConstraints "ViolatedConstraints" true true false 4 Long 0 0,First,#,Output Routes AutoSolver,ViolatedConstraints,-1,-1;ViolatedConstraint_1 "ViolatedConstraint_1" true true false 4 Long 0 0,First,#,Output Routes AutoSolver,ViolatedConstraint_1,-1,-1;ViolatedConstraint_2 "ViolatedConstraint_2" true true false 4 Long 0 0,First,#,Output Routes AutoSolver,ViolatedConstraint_2,-1,-1;ViolatedConstraint_3 "ViolatedConstraint_3" true true false 4 Long 0 0,First,#,Output Routes AutoSolver,ViolatedConstraint_3,-1,-1;ViolatedConstraint_4 "ViolatedConstraint_4" true true false 4 Long 0 0,First,#,Output Routes AutoSolver,ViolatedConstraint_4,-1,-1;OrderCount "OrderCount" true true false 4 Long 0 0,First,#,Output Routes AutoSolver,OrderCount,-1,-1;TotalCost "TotalCost" true true false 8 Double 0 0,First,#,Output Routes AutoSolver,TotalCost,-1,-1;RegularTimeCost "RegularTimeCost" true true false 8 Double 0 0,First,#,Output Routes AutoSolver,RegularTimeCost,-1,-1;OvertimeCost "OvertimeCost" true true false 8 Double 0 0,First,#,Output Routes AutoSolver,OvertimeCost,-1,-1;DistanceCost "DistanceCost" true true false 8 Double 0 0,First,#,Output Routes AutoSolver,DistanceCost,-1,-1;TotalTime "TotalTime" true true false 8 Double 0 0,First,#,Output Routes AutoSolver,TotalTime,-1,-1;TotalOrderServiceTime "TotalOrderServiceTime" true true false 8 Double 0 0,First,#,Output Routes AutoSolver,TotalOrderServiceTime,-1,-1;TotalBreakServiceTime "TotalBreakServiceTime" true true false 8 Double 0 0,First,#,Output Routes AutoSolver,TotalBreakServiceTime,-1,-1;TotalTravelTime "TotalTravelTime" true true false 8 Double 0 0,First,#,Output Routes AutoSolver,TotalTravelTime,-1,-1;TotalDistance "TotalDistance" true true false 8 Double 0 0,First,#,Output Routes AutoSolver,TotalDistance,-1,-1;StartTime "StartTime" true true false 8 Date 0 0,First,#,Output Routes AutoSolver,StartTime,-1,-1;EndTime "EndTime" true true false 8 Date 0 0,First,#,Output Routes AutoSolver,EndTime,-1,-1;StartTimeUTC "StartTimeUTC" true true false 8 Date 0 0,First,#,Output Routes AutoSolver,StartTimeUTC,-1,-1;EndTimeUTC "EndTimeUTC" true true false 8 Date 0 0,First,#,Output Routes AutoSolver,EndTimeUTC,-1,-1;TotalWaitTime "TotalWaitTime" true true false 8 Double 0 0,First,#,Output Routes AutoSolver,TotalWaitTime,-1,-1;TotalViolationTime "TotalViolationTime" true true false 8 Double 0 0,First,#,Output Routes AutoSolver,TotalViolationTime,-1,-1;RenewalCount "RenewalCount" true true false 4 Long 0 0,First,#,Output Routes AutoSolver,RenewalCount,-1,-1;TotalRenewalServiceTime "TotalRenewalServiceTime" true true false 8 Double 0 0,First,#,Output Routes AutoSolver,TotalRenewalServiceTime,-1,-1;Shape_Length "Shape_Length" false true true 8 Double 0 0,First,#,Output Routes AutoSolver,Shape_Length,-1,-1" #</Process><Process ToolSource="c:\program files\arcgis\pro\Resources\ArcToolbox\toolboxes\Conversion Tools.tbx\FeatureClassToFeatureClass" Date="20210326" Time="185426">FeatureClassToFeatureClass C:\Users\Cole\Documents\GitHub\GIS5572\Lab3\Lab3.gdb\ReadyToUse C:\Users\Cole\Documents\GitHub\GIS5572\Lab3 ESRI_ReadyTool.shp # "Name "Name" true true false 1024 Text 0 0,First,#,C:\Users\Cole\Documents\GitHub\GIS5572\Lab3\Lab3.gdb\ReadyToUse,Name,0,1024;ViolatedConstraints "ViolatedConstraints" true true false 4 Long 0 0,First,#,C:\Users\Cole\Documents\GitHub\GIS5572\Lab3\Lab3.gdb\ReadyToUse,ViolatedConstraints,-1,-1;ViolatedConstraint_1 "ViolatedConstraint_1" true true false 4 Long 0 0,First,#,C:\Users\Cole\Documents\GitHub\GIS5572\Lab3\Lab3.gdb\ReadyToUse,ViolatedConstraint_1,-1,-1;ViolatedConstraint_2 "ViolatedConstraint_2" true true false 4 Long 0 0,First,#,C:\Users\Cole\Documents\GitHub\GIS5572\Lab3\Lab3.gdb\ReadyToUse,ViolatedConstraint_2,-1,-1;ViolatedConstraint_3 "ViolatedConstraint_3" true true false 4 Long 0 0,First,#,C:\Users\Cole\Documents\GitHub\GIS5572\Lab3\Lab3.gdb\ReadyToUse,ViolatedConstraint_3,-1,-1;ViolatedConstraint_4 "ViolatedConstraint_4" true true false 4 Long 0 0,First,#,C:\Users\Cole\Documents\GitHub\GIS5572\Lab3\Lab3.gdb\ReadyToUse,ViolatedConstraint_4,-1,-1;OrderCount "OrderCount" true true false 4 Long 0 0,First,#,C:\Users\Cole\Documents\GitHub\GIS5572\Lab3\Lab3.gdb\ReadyToUse,OrderCount,-1,-1;TotalCost "TotalCost" true true false 8 Double 0 0,First,#,C:\Users\Cole\Documents\GitHub\GIS5572\Lab3\Lab3.gdb\ReadyToUse,TotalCost,-1,-1;RegularTimeCost "RegularTimeCost" true true false 8 Double 0 0,First,#,C:\Users\Cole\Documents\GitHub\GIS5572\Lab3\Lab3.gdb\ReadyToUse,RegularTimeCost,-1,-1;OvertimeCost "OvertimeCost" true true false 8 Double 0 0,First,#,C:\Users\Cole\Documents\GitHub\GIS5572\Lab3\Lab3.gdb\ReadyToUse,OvertimeCost,-1,-1;DistanceCost "DistanceCost" true true false 8 Double 0 0,First,#,C:\Users\Cole\Documents\GitHub\GIS5572\Lab3\Lab3.gdb\ReadyToUse,DistanceCost,-1,-1;TotalTime "TotalTime" true true false 8 Double 0 0,First,#,C:\Users\Cole\Documents\GitHub\GIS5572\Lab3\Lab3.gdb\ReadyToUse,TotalTime,-1,-1;TotalOrderServiceTime "TotalOrderServiceTime" true true false 8 Double 0 0,First,#,C:\Users\Cole\Documents\GitHub\GIS5572\Lab3\Lab3.gdb\ReadyToUse,TotalOrderServiceTime,-1,-1;TotalBreakServiceTime "TotalBreakServiceTime" true true false 8 Double 0 0,First,#,C:\Users\Cole\Documents\GitHub\GIS5572\Lab3\Lab3.gdb\ReadyToUse,TotalBreakServiceTime,-1,-1;TotalTravelTime "TotalTravelTime" true true false 8 Double 0 0,First,#,C:\Users\Cole\Documents\GitHub\GIS5572\Lab3\Lab3.gdb\ReadyToUse,TotalTravelTime,-1,-1;TotalDistance "TotalDistance" true true false 8 Double 0 0,First,#,C:\Users\Cole\Documents\GitHub\GIS5572\Lab3\Lab3.gdb\ReadyToUse,TotalDistance,-1,-1;StartTime "StartTime" true true false 8 Date 0 0,First,#,C:\Users\Cole\Documents\GitHub\GIS5572\Lab3\Lab3.gdb\ReadyToUse,StartTime,-1,-1;EndTime "EndTime" true true false 8 Date 0 0,First,#,C:\Users\Cole\Documents\GitHub\GIS5572\Lab3\Lab3.gdb\ReadyToUse,EndTime,-1,-1;StartTimeUTC "StartTimeUTC" true true false 8 Date 0 0,First,#,C:\Users\Cole\Documents\GitHub\GIS5572\Lab3\Lab3.gdb\ReadyToUse,StartTimeUTC,-1,-1;EndTimeUTC "EndTimeUTC" true true false 8 Date 0 0,First,#,C:\Users\Cole\Documents\GitHub\GIS5572\Lab3\Lab3.gdb\ReadyToUse,EndTimeUTC,-1,-1;TotalWaitTime "TotalWaitTime" true true false 8 Double 0 0,First,#,C:\Users\Cole\Documents\GitHub\GIS5572\Lab3\Lab3.gdb\ReadyToUse,TotalWaitTime,-1,-1;TotalViolationTime "TotalViolationTime" true true false 8 Double 0 0,First,#,C:\Users\Cole\Documents\GitHub\GIS5572\Lab3\Lab3.gdb\ReadyToUse,TotalViolationTime,-1,-1;RenewalCount "RenewalCount" true true false 4 Long 0 0,First,#,C:\Users\Cole\Documents\GitHub\GIS5572\Lab3\Lab3.gdb\ReadyToUse,RenewalCount,-1,-1;TotalRenewalServiceTime "TotalRenewalServiceTime" true true false 8 Double 0 0,First,#,C:\Users\Cole\Documents\GitHub\GIS5572\Lab3\Lab3.gdb\ReadyToUse,TotalRenewalServiceTime,-1,-1;Shape_Length "Shape_Length" false true true 8 Double 0 0,First,#,C:\Users\Cole\Documents\GitHub\GIS5572\Lab3\Lab3.gdb\ReadyToUse,Shape_Length,-1,-1" #</Process></lineage><copyHistory><copy source="C:\Users\Cole\Documents\GitHub\GIS5572\Lab3\ESRI_ReadyTool" dest="\\DESKTOP-JTOTD8C\C$\Users\Cole\Documents\GitHub\GIS5572\Lab3\Finished Items\ESRI_ReadyTool" date="20210326" time="19004600"></copy></copyHistory></DataProperties><SyncDate>20210326</SyncDate><SyncTime>18542600</SyncTime><ModDate>20210326</ModDate><ModTime>18542600</ModTime></Esri><dataIdInfo><envirDesc Sync="TRUE">Microsoft Windows 10 Version 10.0 (Build 19042) ; Esri ArcGIS 12.6.3.24783</envirDesc><dataLang><languageCode value="eng" Sync="TRUE"></languageCode><countryCode value="USA" Sync="TRUE"></countryCode></dataLang><idCitation><resTitle Sync="TRUE">ESRI_ReadyTool</resTitle><presForm><PresFormCd value="005" Sync="TRUE"></PresFormCd></presForm></idCitation><spatRpType><SpatRepTypCd value="001" Sync="TRUE"></SpatRepTypCd></spatRpType></dataIdInfo><mdLang><languageCode value="eng" Sync="TRUE"></languageCode><countryCode value="USA" Sync="TRUE"></countryCode></mdLang><distInfo><distFormat><formatName Sync="TRUE">Shapefile</formatName></distFormat><distTranOps><transSize Sync="TRUE">0.000</transSize></distTranOps></distInfo><mdHrLv><ScopeCd value="005" Sync="TRUE"></ScopeCd></mdHrLv><mdHrLvName Sync="TRUE">dataset</mdHrLvName><refSysInfo><RefSystem><refSysID><identCode code="4326" Sync="TRUE"></identCode><idCodeSpace Sync="TRUE">EPSG</idCodeSpace><idVersion Sync="TRUE">6.14(3.0.1)</idVersion></refSysID></RefSystem></refSysInfo><spatRepInfo><VectSpatRep><geometObjs Name="ESRI_ReadyTool"><geoObjTyp><GeoObjTypCd value="002" Sync="TRUE"></GeoObjTypCd></geoObjTyp><geoObjCnt Sync="TRUE">0</geoObjCnt></geometObjs><topLvl><TopoLevCd value="001" Sync="TRUE"></TopoLevCd></topLvl></VectSpatRep></spatRepInfo><spdoinfo><ptvctinf><esriterm Name="ESRI_ReadyTool"><efeatyp Sync="TRUE">Simple</efeatyp><efeageom code="3" Sync="TRUE"></efeageom><esritopo Sync="TRUE">FALSE</esritopo><efeacnt Sync="TRUE">0</efeacnt><spindex Sync="TRUE">FALSE</spindex><linrefer Sync="TRUE">TRUE</linrefer></esriterm></ptvctinf></spdoinfo><eainfo><detailed Name="ESRI_ReadyTool"><enttyp><enttypl Sync="TRUE">ESRI_ReadyTool</enttypl><enttypt Sync="TRUE">Feature Class</enttypt><enttypc Sync="TRUE">0</enttypc></enttyp><attr><attrlabl Sync="TRUE">FID</attrlabl><attalias Sync="TRUE">FID</attalias><attrtype Sync="TRUE">OID</attrtype><attwidth Sync="TRUE">4</attwidth><atprecis Sync="TRUE">0</atprecis><attscale Sync="TRUE">0</attscale><attrdef Sync="TRUE">Internal feature number.</attrdef><attrdefs Sync="TRUE">Esri</attrdefs><attrdomv><udom Sync="TRUE">Sequential unique whole numbers that are automatically generated.</udom></attrdomv></attr><attr><attrlabl Sync="TRUE">Shape</attrlabl><attalias Sync="TRUE">Shape</attalias><attrtype Sync="TRUE">Geometry</attrtype><attwidth Sync="TRUE">0</attwidth><atprecis Sync="TRUE">0</atprecis><attscale Sync="TRUE">0</attscale><attrdef Sync="TRUE">Feature geometry.</attrdef><attrdefs Sync="TRUE">Esri</attrdefs><attrdomv><udom Sync="TRUE">Coordinates defining the features.</udom></attrdomv></attr><attr><attrlabl Sync="TRUE">Name</attrlabl><attalias Sync="TRUE">Name</attalias><attrtype Sync="TRUE">String</attrtype><attwidth Sync="TRUE">254</attwidth><atprecis Sync="TRUE">0</atprecis><attscale Sync="TRUE">0</attscale></attr><attr><attrlabl Sync="TRUE">ViolatedCo</attrlabl><attalias Sync="TRUE">ViolatedCo</attalias><attrtype Sync="TRUE">Integer</attrtype><attwidth Sync="TRUE">10</attwidth><atprecis Sync="TRUE">10</atprecis><attscale Sync="TRUE">0</attscale></attr><attr><attrlabl Sync="TRUE">Violated_1</attrlabl><attalias Sync="TRUE">Violated_1</attalias><attrtype Sync="TRUE">Integer</attrtype><attwidth Sync="TRUE">10</attwidth><atprecis Sync="TRUE">10</atprecis><attscale Sync="TRUE">0</attscale></attr><attr><attrlabl Sync="TRUE">Violated_2</attrlabl><attalias Sync="TRUE">Violated_2</attalias><attrtype Sync="TRUE">Integer</attrtype><attwidth Sync="TRUE">10</attwidth><atprecis Sync="TRUE">10</atprecis><attscale Sync="TRUE">0</attscale></attr><attr><attrlabl Sync="TRUE">Violated_3</attrlabl><attalias Sync="TRUE">Violated_3</attalias><attrtype Sync="TRUE">Integer</attrtype><attwidth Sync="TRUE">10</attwidth><atprecis Sync="TRUE">10</atprecis><attscale Sync="TRUE">0</attscale></attr><attr><attrlabl Sync="TRUE">Violated_4</attrlabl><attalias Sync="TRUE">Violated_4</attalias><attrtype Sync="TRUE">Integer</attrtype><attwidth Sync="TRUE">10</attwidth><atprecis Sync="TRUE">10</atprecis><attscale Sync="TRUE">0</attscale></attr><attr><attrlabl Sync="TRUE">OrderCount</attrlabl><attalias Sync="TRUE">OrderCount</attalias><attrtype Sync="TRUE">Integer</attrtype><attwidth Sync="TRUE">10</attwidth><atprecis Sync="TRUE">10</atprecis><attscale Sync="TRUE">0</attscale></attr><attr><attrlabl Sync="TRUE">TotalCost</attrlabl><attalias Sync="TRUE">TotalCost</attalias><attrtype Sync="TRUE">Double</attrtype><attwidth Sync="TRUE">19</attwidth><atprecis Sync="TRUE">0</atprecis><attscale Sync="TRUE">0</attscale></attr><attr><attrlabl Sync="TRUE">RegularTim</attrlabl><attalias Sync="TRUE">RegularTim</attalias><attrtype Sync="TRUE">Double</attrtype><attwidth Sync="TRUE">19</attwidth><atprecis Sync="TRUE">0</atprecis><attscale Sync="TRUE">0</attscale></attr><attr><attrlabl Sync="TRUE">OvertimeCo</attrlabl><attalias Sync="TRUE">OvertimeCo</attalias><attrtype Sync="TRUE">Double</attrtype><attwidth Sync="TRUE">19</attwidth><atprecis Sync="TRUE">0</atprecis><attscale Sync="TRUE">0</attscale></attr><attr><attrlabl Sync="TRUE">DistanceCo</attrlabl><attalias Sync="TRUE">DistanceCo</attalias><attrtype Sync="TRUE">Double</attrtype><attwidth Sync="TRUE">19</attwidth><atprecis Sync="TRUE">0</atprecis><attscale Sync="TRUE">0</attscale></attr><attr><attrlabl Sync="TRUE">TotalTime</attrlabl><attalias Sync="TRUE">TotalTime</attalias><attrtype Sync="TRUE">Double</attrtype><attwidth Sync="TRUE">19</attwidth><atprecis Sync="TRUE">0</atprecis><attscale Sync="TRUE">0</attscale></attr><attr><attrlabl Sync="TRUE">TotalOrder</attrlabl><attalias Sync="TRUE">TotalOrder</attalias><attrtype Sync="TRUE">Double</attrtype><attwidth Sync="TRUE">19</attwidth><atprecis Sync="TRUE">0</atprecis><attscale Sync="TRUE">0</attscale></attr><attr><attrlabl Sync="TRUE">TotalBreak</attrlabl><attalias Sync="TRUE">TotalBreak</attalias><attrtype Sync="TRUE">Double</attrtype><attwidth Sync="TRUE">19</attwidth><atprecis Sync="TRUE">0</atprecis><attscale Sync="TRUE">0</attscale></attr><attr><attrlabl Sync="TRUE">TotalTrave</attrlabl><attalias Sync="TRUE">TotalTrave</attalias><attrtype Sync="TRUE">Double</attrtype><attwidth Sync="TRUE">19</attwidth><atprecis Sync="TRUE">0</atprecis><attscale Sync="TRUE">0</attscale></attr><attr><attrlabl Sync="TRUE">TotalDista</attrlabl><attalias Sync="TRUE">TotalDista</attalias><attrtype Sync="TRUE">Double</attrtype><attwidth Sync="TRUE">19</attwidth><atprecis Sync="TRUE">0</atprecis><attscale Sync="TRUE">0</attscale></attr><attr><attrlabl Sync="TRUE">StartTime</attrlabl><attalias Sync="TRUE">StartTime</attalias><attrtype Sync="TRUE">Date</attrtype><attwidth Sync="TRUE">8</attwidth><atprecis Sync="TRUE">0</atprecis><attscale Sync="TRUE">0</attscale></attr><attr><attrlabl Sync="TRUE">EndTime</attrlabl><attalias Sync="TRUE">EndTime</attalias><attrtype Sync="TRUE">Date</attrtype><attwidth Sync="TRUE">8</attwidth><atprecis Sync="TRUE">0</atprecis><attscale Sync="TRUE">0</attscale></attr><attr><attrlabl Sync="TRUE">StartTimeU</attrlabl><attalias Sync="TRUE">StartTimeU</attalias><attrtype Sync="TRUE">Date</attrtype><attwidth Sync="TRUE">8</attwidth><atprecis Sync="TRUE">0</atprecis><attscale Sync="TRUE">0</attscale></attr><attr><attrlabl Sync="TRUE">EndTimeUTC</attrlabl><attalias Sync="TRUE">EndTimeUTC</attalias><attrtype Sync="TRUE">Date</attrtype><attwidth Sync="TRUE">8</attwidth><atprecis Sync="TRUE">0</atprecis><attscale Sync="TRUE">0</attscale></attr><attr><attrlabl Sync="TRUE">TotalWaitT</attrlabl><attalias Sync="TRUE">TotalWaitT</attalias><attrtype Sync="TRUE">Double</attrtype><attwidth Sync="TRUE">19</attwidth><atprecis Sync="TRUE">0</atprecis><attscale Sync="TRUE">0</attscale></attr><attr><attrlabl Sync="TRUE">TotalViola</attrlabl><attalias Sync="TRUE">TotalViola</attalias><attrtype Sync="TRUE">Double</attrtype><attwidth Sync="TRUE">19</attwidth><atprecis Sync="TRUE">0</atprecis><attscale Sync="TRUE">0</attscale></attr><attr><attrlabl Sync="TRUE">RenewalCou</attrlabl><attalias Sync="TRUE">RenewalCou</attalias><attrtype Sync="TRUE">Integer</attrtype><attwidth Sync="TRUE">10</attwidth><atprecis Sync="TRUE">10</atprecis><attscale Sync="TRUE">0</attscale></attr><attr><attrlabl Sync="TRUE">TotalRenew</attrlabl><attalias Sync="TRUE">TotalRenew</attalias><attrtype Sync="TRUE">Double</attrtype><attwidth Sync="TRUE">19</attwidth><atprecis Sync="TRUE">0</atprecis><attscale Sync="TRUE">0</attscale></attr><attr><attrlabl Sync="TRUE">Shape_Leng</attrlabl><attalias Sync="TRUE">Shape_Leng</attalias><attrtype Sync="TRUE">Double</attrtype><attwidth Sync="TRUE">19</attwidth><atprecis Sync="TRUE">0</atprecis><attscale Sync="TRUE">0</attscale></attr></detailed></eainfo><mdDateSt Sync="TRUE">20210326</mdDateSt></metadata>
