<metadata xml:lang="en"><Esri><CreaDate>20210326</CreaDate><CreaTime>18313400</CreaTime><ArcGISFormat>1.0</ArcGISFormat><SyncOnce>FALSE</SyncOnce><DataProperties><lineage><Process ToolSource="c:\program files\arcgis\pro\Resources\ArcToolbox\toolboxes\Data Management Tools.tbx\DeleteRows" Date="20210326" Time="183134">DeleteRows GPLYR_{7C7149C0-413D-43BC-9167-D93B62F4DF1C}</Process><Process ToolSource="c:\program files\arcgis\pro\Resources\ArcToolbox\toolboxes\Conversion Tools.tbx\FeatureClassToFeatureClass" Date="20210326" Time="183820">FeatureClassToFeatureClass "Vehicle Routing Problem Own No Barrier\Routes" C:\Users\Cole\Documents\GitHub\GIS5572\Lab3\Lab3.gdb Own_No_Barrier # "Name "Name" true true true 1024 Text 0 0,First,#,Vehicle Routing Problem Own No Barrier\Routes,Name,0,1024;Description "Description" true true true 500 Text 0 0,First,#,Vehicle Routing Problem Own No Barrier\Routes,Description,0,500;StartDepotName "StartDepotName" true true true 500 Text 0 0,First,#,Vehicle Routing Problem Own No Barrier\Routes,StartDepotName,0,500;EndDepotName "EndDepotName" true true true 500 Text 0 0,First,#,Vehicle Routing Problem Own No Barrier\Routes,EndDepotName,0,500;StartDepotServiceTime "StartDepotServiceTime" true true true 8 Double 0 0,First,#,Vehicle Routing Problem Own No Barrier\Routes,StartDepotServiceTime,-1,-1;EndDepotServiceTime "EndDepotServiceTime" true true true 8 Double 0 0,First,#,Vehicle Routing Problem Own No Barrier\Routes,EndDepotServiceTime,-1,-1;EarliestStartTime "EarliestStartTime" true true true 8 Date 0 0,First,#,Vehicle Routing Problem Own No Barrier\Routes,EarliestStartTime,-1,-1;LatestStartTime "LatestStartTime" true true true 8 Date 0 0,First,#,Vehicle Routing Problem Own No Barrier\Routes,LatestStartTime,-1,-1;ArriveDepartDelay "ArriveDepartDelay" true true true 8 Double 0 0,First,#,Vehicle Routing Problem Own No Barrier\Routes,ArriveDepartDelay,-1,-1;Capacity_1 "Capacity_1" true true true 8 Double 0 0,First,#,Vehicle Routing Problem Own No Barrier\Routes,Capacity_1,-1,-1;Capacity_2 "Capacity_2" true true true 8 Double 0 0,First,#,Vehicle Routing Problem Own No Barrier\Routes,Capacity_2,-1,-1;Capacity_3 "Capacity_3" true true true 8 Double 0 0,First,#,Vehicle Routing Problem Own No Barrier\Routes,Capacity_3,-1,-1;Capacity_4 "Capacity_4" true true true 8 Double 0 0,First,#,Vehicle Routing Problem Own No Barrier\Routes,Capacity_4,-1,-1;Capacity_5 "Capacity_5" true true true 8 Double 0 0,First,#,Vehicle Routing Problem Own No Barrier\Routes,Capacity_5,-1,-1;Capacity_6 "Capacity_6" true true true 8 Double 0 0,First,#,Vehicle Routing Problem Own No Barrier\Routes,Capacity_6,-1,-1;Capacity_7 "Capacity_7" true true true 8 Double 0 0,First,#,Vehicle Routing Problem Own No Barrier\Routes,Capacity_7,-1,-1;Capacity_8 "Capacity_8" true true true 8 Double 0 0,First,#,Vehicle Routing Problem Own No Barrier\Routes,Capacity_8,-1,-1;Capacity_9 "Capacity_9" true true true 8 Double 0 0,First,#,Vehicle Routing Problem Own No Barrier\Routes,Capacity_9,-1,-1;FixedCost "FixedCost" true true true 8 Double 0 0,First,#,Vehicle Routing Problem Own No Barrier\Routes,FixedCost,-1,-1;CostPerUnitTime "CostPerUnitTime" true true true 8 Double 0 0,First,#,Vehicle Routing Problem Own No Barrier\Routes,CostPerUnitTime,-1,-1;CostPerUnitDistance "CostPerUnitDistance" true true true 8 Double 0 0,First,#,Vehicle Routing Problem Own No Barrier\Routes,CostPerUnitDistance,-1,-1;OvertimeStartTime "OvertimeStartTime" true true true 8 Double 0 0,First,#,Vehicle Routing Problem Own No Barrier\Routes,OvertimeStartTime,-1,-1;CostPerUnitOvertime "CostPerUnitOvertime" true true true 8 Double 0 0,First,#,Vehicle Routing Problem Own No Barrier\Routes,CostPerUnitOvertime,-1,-1;MaxOrderCount "MaxOrderCount" true true true 4 Long 0 0,First,#,Vehicle Routing Problem Own No Barrier\Routes,MaxOrderCount,-1,-1;MaxTotalTime "MaxTotalTime" true true true 8 Double 0 0,First,#,Vehicle Routing Problem Own No Barrier\Routes,MaxTotalTime,-1,-1;MaxTotalTravelTime "MaxTotalTravelTime" true true true 8 Double 0 0,First,#,Vehicle Routing Problem Own No Barrier\Routes,MaxTotalTravelTime,-1,-1;MaxTotalDistance "MaxTotalDistance" true true true 8 Double 0 0,First,#,Vehicle Routing Problem Own No Barrier\Routes,MaxTotalDistance,-1,-1;AssignmentRule "AssignmentRule" true true true 4 Long 0 0,First,#,Vehicle Routing Problem Own No Barrier\Routes,AssignmentRule,-1,-1;ViolatedConstraint_1 "ViolatedConstraint_1" true true true 4 Long 0 0,First,#,Vehicle Routing Problem Own No Barrier\Routes,ViolatedConstraint_1,-1,-1;ViolatedConstraint_2 "ViolatedConstraint_2" true true true 4 Long 0 0,First,#,Vehicle Routing Problem Own No Barrier\Routes,ViolatedConstraint_2,-1,-1;ViolatedConstraint_3 "ViolatedConstraint_3" true true true 4 Long 0 0,First,#,Vehicle Routing Problem Own No Barrier\Routes,ViolatedConstraint_3,-1,-1;ViolatedConstraint_4 "ViolatedConstraint_4" true true true 4 Long 0 0,First,#,Vehicle Routing Problem Own No Barrier\Routes,ViolatedConstraint_4,-1,-1;OrderCount "OrderCount" true true true 4 Long 0 0,First,#,Vehicle Routing Problem Own No Barrier\Routes,OrderCount,-1,-1;TotalCost "TotalCost" true true true 8 Double 0 0,First,#,Vehicle Routing Problem Own No Barrier\Routes,TotalCost,-1,-1;RegularTimeCost "RegularTimeCost" true true true 8 Double 0 0,First,#,Vehicle Routing Problem Own No Barrier\Routes,RegularTimeCost,-1,-1;OvertimeCost "OvertimeCost" true true true 8 Double 0 0,First,#,Vehicle Routing Problem Own No Barrier\Routes,OvertimeCost,-1,-1;DistanceCost "DistanceCost" true true true 8 Double 0 0,First,#,Vehicle Routing Problem Own No Barrier\Routes,DistanceCost,-1,-1;TotalTime "TotalTime" true true true 8 Double 0 0,First,#,Vehicle Routing Problem Own No Barrier\Routes,TotalTime,-1,-1;TotalOrderServiceTime "TotalOrderServiceTime" true true true 8 Double 0 0,First,#,Vehicle Routing Problem Own No Barrier\Routes,TotalOrderServiceTime,-1,-1;TotalBreakServiceTime "TotalBreakServiceTime" true true true 8 Double 0 0,First,#,Vehicle Routing Problem Own No Barrier\Routes,TotalBreakServiceTime,-1,-1;TotalTravelTime "TotalTravelTime" true true true 8 Double 0 0,First,#,Vehicle Routing Problem Own No Barrier\Routes,TotalTravelTime,-1,-1;TotalDistance "TotalDistance" true true true 8 Double 0 0,First,#,Vehicle Routing Problem Own No Barrier\Routes,TotalDistance,-1,-1;StartTime "StartTime" true true true 8 Date 0 0,First,#,Vehicle Routing Problem Own No Barrier\Routes,StartTime,-1,-1;EndTime "EndTime" true true true 8 Date 0 0,First,#,Vehicle Routing Problem Own No Barrier\Routes,EndTime,-1,-1;StartTimeUTC "StartTimeUTC" true true true 8 Date 0 0,First,#,Vehicle Routing Problem Own No Barrier\Routes,StartTimeUTC,-1,-1;EndTimeUTC "EndTimeUTC" true true true 8 Date 0 0,First,#,Vehicle Routing Problem Own No Barrier\Routes,EndTimeUTC,-1,-1;TotalWaitTime "TotalWaitTime" true true true 8 Double 0 0,First,#,Vehicle Routing Problem Own No Barrier\Routes,TotalWaitTime,-1,-1;TotalViolationTime "TotalViolationTime" true true true 8 Double 0 0,First,#,Vehicle Routing Problem Own No Barrier\Routes,TotalViolationTime,-1,-1;RenewalCount "RenewalCount" true true true 4 Long 0 0,First,#,Vehicle Routing Problem Own No Barrier\Routes,RenewalCount,-1,-1;TotalRenewalServiceTime "TotalRenewalServiceTime" true true true 8 Double 0 0,First,#,Vehicle Routing Problem Own No Barrier\Routes,TotalRenewalServiceTime,-1,-1;Shape_Length "Shape_Length" false true true 8 Double 0 0,First,#,Vehicle Routing Problem Own No Barrier\Routes,Shape_Length,-1,-1" #</Process><Process ToolSource="c:\program files\arcgis\pro\Resources\ArcToolbox\toolboxes\Conversion Tools.tbx\FeatureClassToFeatureClass" Date="20210326" Time="185343">FeatureClassToFeatureClass C:\Users\Cole\Documents\GitHub\GIS5572\Lab3\Lab3.gdb\Own_No_Barrier C:\Users\Cole\Documents\GitHub\GIS5572\Lab3 Own_Network_wo_Barrier.shp # "Name "Name" true true false 1024 Text 0 0,First,#,C:\Users\Cole\Documents\GitHub\GIS5572\Lab3\Lab3.gdb\Own_No_Barrier,Name,0,1024;Description "Description" true true false 500 Text 0 0,First,#,C:\Users\Cole\Documents\GitHub\GIS5572\Lab3\Lab3.gdb\Own_No_Barrier,Description,0,500;StartDepotName "StartDepotName" true true false 500 Text 0 0,First,#,C:\Users\Cole\Documents\GitHub\GIS5572\Lab3\Lab3.gdb\Own_No_Barrier,StartDepotName,0,500;EndDepotName "EndDepotName" true true false 500 Text 0 0,First,#,C:\Users\Cole\Documents\GitHub\GIS5572\Lab3\Lab3.gdb\Own_No_Barrier,EndDepotName,0,500;StartDepotServiceTime "StartDepotServiceTime" true true false 8 Double 0 0,First,#,C:\Users\Cole\Documents\GitHub\GIS5572\Lab3\Lab3.gdb\Own_No_Barrier,StartDepotServiceTime,-1,-1;EndDepotServiceTime "EndDepotServiceTime" true true false 8 Double 0 0,First,#,C:\Users\Cole\Documents\GitHub\GIS5572\Lab3\Lab3.gdb\Own_No_Barrier,EndDepotServiceTime,-1,-1;EarliestStartTime "EarliestStartTime" true true false 8 Date 0 0,First,#,C:\Users\Cole\Documents\GitHub\GIS5572\Lab3\Lab3.gdb\Own_No_Barrier,EarliestStartTime,-1,-1;LatestStartTime "LatestStartTime" true true false 8 Date 0 0,First,#,C:\Users\Cole\Documents\GitHub\GIS5572\Lab3\Lab3.gdb\Own_No_Barrier,LatestStartTime,-1,-1;ArriveDepartDelay "ArriveDepartDelay" true true false 8 Double 0 0,First,#,C:\Users\Cole\Documents\GitHub\GIS5572\Lab3\Lab3.gdb\Own_No_Barrier,ArriveDepartDelay,-1,-1;Capacity_1 "Capacity_1" true true false 8 Double 0 0,First,#,C:\Users\Cole\Documents\GitHub\GIS5572\Lab3\Lab3.gdb\Own_No_Barrier,Capacity_1,-1,-1;Capacity_2 "Capacity_2" true true false 8 Double 0 0,First,#,C:\Users\Cole\Documents\GitHub\GIS5572\Lab3\Lab3.gdb\Own_No_Barrier,Capacity_2,-1,-1;Capacity_3 "Capacity_3" true true false 8 Double 0 0,First,#,C:\Users\Cole\Documents\GitHub\GIS5572\Lab3\Lab3.gdb\Own_No_Barrier,Capacity_3,-1,-1;Capacity_4 "Capacity_4" true true false 8 Double 0 0,First,#,C:\Users\Cole\Documents\GitHub\GIS5572\Lab3\Lab3.gdb\Own_No_Barrier,Capacity_4,-1,-1;Capacity_5 "Capacity_5" true true false 8 Double 0 0,First,#,C:\Users\Cole\Documents\GitHub\GIS5572\Lab3\Lab3.gdb\Own_No_Barrier,Capacity_5,-1,-1;Capacity_6 "Capacity_6" true true false 8 Double 0 0,First,#,C:\Users\Cole\Documents\GitHub\GIS5572\Lab3\Lab3.gdb\Own_No_Barrier,Capacity_6,-1,-1;Capacity_7 "Capacity_7" true true false 8 Double 0 0,First,#,C:\Users\Cole\Documents\GitHub\GIS5572\Lab3\Lab3.gdb\Own_No_Barrier,Capacity_7,-1,-1;Capacity_8 "Capacity_8" true true false 8 Double 0 0,First,#,C:\Users\Cole\Documents\GitHub\GIS5572\Lab3\Lab3.gdb\Own_No_Barrier,Capacity_8,-1,-1;Capacity_9 "Capacity_9" true true false 8 Double 0 0,First,#,C:\Users\Cole\Documents\GitHub\GIS5572\Lab3\Lab3.gdb\Own_No_Barrier,Capacity_9,-1,-1;FixedCost "FixedCost" true true false 8 Double 0 0,First,#,C:\Users\Cole\Documents\GitHub\GIS5572\Lab3\Lab3.gdb\Own_No_Barrier,FixedCost,-1,-1;CostPerUnitTime "CostPerUnitTime" true true false 8 Double 0 0,First,#,C:\Users\Cole\Documents\GitHub\GIS5572\Lab3\Lab3.gdb\Own_No_Barrier,CostPerUnitTime,-1,-1;CostPerUnitDistance "CostPerUnitDistance" true true false 8 Double 0 0,First,#,C:\Users\Cole\Documents\GitHub\GIS5572\Lab3\Lab3.gdb\Own_No_Barrier,CostPerUnitDistance,-1,-1;OvertimeStartTime "OvertimeStartTime" true true false 8 Double 0 0,First,#,C:\Users\Cole\Documents\GitHub\GIS5572\Lab3\Lab3.gdb\Own_No_Barrier,OvertimeStartTime,-1,-1;CostPerUnitOvertime "CostPerUnitOvertime" true true false 8 Double 0 0,First,#,C:\Users\Cole\Documents\GitHub\GIS5572\Lab3\Lab3.gdb\Own_No_Barrier,CostPerUnitOvertime,-1,-1;MaxOrderCount "MaxOrderCount" true true false 4 Long 0 0,First,#,C:\Users\Cole\Documents\GitHub\GIS5572\Lab3\Lab3.gdb\Own_No_Barrier,MaxOrderCount,-1,-1;MaxTotalTime "MaxTotalTime" true true false 8 Double 0 0,First,#,C:\Users\Cole\Documents\GitHub\GIS5572\Lab3\Lab3.gdb\Own_No_Barrier,MaxTotalTime,-1,-1;MaxTotalTravelTime "MaxTotalTravelTime" true true false 8 Double 0 0,First,#,C:\Users\Cole\Documents\GitHub\GIS5572\Lab3\Lab3.gdb\Own_No_Barrier,MaxTotalTravelTime,-1,-1;MaxTotalDistance "MaxTotalDistance" true true false 8 Double 0 0,First,#,C:\Users\Cole\Documents\GitHub\GIS5572\Lab3\Lab3.gdb\Own_No_Barrier,MaxTotalDistance,-1,-1;AssignmentRule "AssignmentRule" true true false 4 Long 0 0,First,#,C:\Users\Cole\Documents\GitHub\GIS5572\Lab3\Lab3.gdb\Own_No_Barrier,AssignmentRule,-1,-1;ViolatedConstraint_1 "ViolatedConstraint_1" true true false 4 Long 0 0,First,#,C:\Users\Cole\Documents\GitHub\GIS5572\Lab3\Lab3.gdb\Own_No_Barrier,ViolatedConstraint_1,-1,-1;ViolatedConstraint_2 "ViolatedConstraint_2" true true false 4 Long 0 0,First,#,C:\Users\Cole\Documents\GitHub\GIS5572\Lab3\Lab3.gdb\Own_No_Barrier,ViolatedConstraint_2,-1,-1;ViolatedConstraint_3 "ViolatedConstraint_3" true true false 4 Long 0 0,First,#,C:\Users\Cole\Documents\GitHub\GIS5572\Lab3\Lab3.gdb\Own_No_Barrier,ViolatedConstraint_3,-1,-1;ViolatedConstraint_4 "ViolatedConstraint_4" true true false 4 Long 0 0,First,#,C:\Users\Cole\Documents\GitHub\GIS5572\Lab3\Lab3.gdb\Own_No_Barrier,ViolatedConstraint_4,-1,-1;OrderCount "OrderCount" true true false 4 Long 0 0,First,#,C:\Users\Cole\Documents\GitHub\GIS5572\Lab3\Lab3.gdb\Own_No_Barrier,OrderCount,-1,-1;TotalCost "TotalCost" true true false 8 Double 0 0,First,#,C:\Users\Cole\Documents\GitHub\GIS5572\Lab3\Lab3.gdb\Own_No_Barrier,TotalCost,-1,-1;RegularTimeCost "RegularTimeCost" true true false 8 Double 0 0,First,#,C:\Users\Cole\Documents\GitHub\GIS5572\Lab3\Lab3.gdb\Own_No_Barrier,RegularTimeCost,-1,-1;OvertimeCost "OvertimeCost" true true false 8 Double 0 0,First,#,C:\Users\Cole\Documents\GitHub\GIS5572\Lab3\Lab3.gdb\Own_No_Barrier,OvertimeCost,-1,-1;DistanceCost "DistanceCost" true true false 8 Double 0 0,First,#,C:\Users\Cole\Documents\GitHub\GIS5572\Lab3\Lab3.gdb\Own_No_Barrier,DistanceCost,-1,-1;TotalTime "TotalTime" true true false 8 Double 0 0,First,#,C:\Users\Cole\Documents\GitHub\GIS5572\Lab3\Lab3.gdb\Own_No_Barrier,TotalTime,-1,-1;TotalOrderServiceTime "TotalOrderServiceTime" true true false 8 Double 0 0,First,#,C:\Users\Cole\Documents\GitHub\GIS5572\Lab3\Lab3.gdb\Own_No_Barrier,TotalOrderServiceTime,-1,-1;TotalBreakServiceTime "TotalBreakServiceTime" true true false 8 Double 0 0,First,#,C:\Users\Cole\Documents\GitHub\GIS5572\Lab3\Lab3.gdb\Own_No_Barrier,TotalBreakServiceTime,-1,-1;TotalTravelTime "TotalTravelTime" true true false 8 Double 0 0,First,#,C:\Users\Cole\Documents\GitHub\GIS5572\Lab3\Lab3.gdb\Own_No_Barrier,TotalTravelTime,-1,-1;TotalDistance "TotalDistance" true true false 8 Double 0 0,First,#,C:\Users\Cole\Documents\GitHub\GIS5572\Lab3\Lab3.gdb\Own_No_Barrier,TotalDistance,-1,-1;StartTime "StartTime" true true false 8 Date 0 0,First,#,C:\Users\Cole\Documents\GitHub\GIS5572\Lab3\Lab3.gdb\Own_No_Barrier,StartTime,-1,-1;EndTime "EndTime" true true false 8 Date 0 0,First,#,C:\Users\Cole\Documents\GitHub\GIS5572\Lab3\Lab3.gdb\Own_No_Barrier,EndTime,-1,-1;StartTimeUTC "StartTimeUTC" true true false 8 Date 0 0,First,#,C:\Users\Cole\Documents\GitHub\GIS5572\Lab3\Lab3.gdb\Own_No_Barrier,StartTimeUTC,-1,-1;EndTimeUTC "EndTimeUTC" true true false 8 Date 0 0,First,#,C:\Users\Cole\Documents\GitHub\GIS5572\Lab3\Lab3.gdb\Own_No_Barrier,EndTimeUTC,-1,-1;TotalWaitTime "TotalWaitTime" true true false 8 Double 0 0,First,#,C:\Users\Cole\Documents\GitHub\GIS5572\Lab3\Lab3.gdb\Own_No_Barrier,TotalWaitTime,-1,-1;TotalViolationTime "TotalViolationTime" true true false 8 Double 0 0,First,#,C:\Users\Cole\Documents\GitHub\GIS5572\Lab3\Lab3.gdb\Own_No_Barrier,TotalViolationTime,-1,-1;RenewalCount "RenewalCount" true true false 4 Long 0 0,First,#,C:\Users\Cole\Documents\GitHub\GIS5572\Lab3\Lab3.gdb\Own_No_Barrier,RenewalCount,-1,-1;TotalRenewalServiceTime "TotalRenewalServiceTime" true true false 8 Double 0 0,First,#,C:\Users\Cole\Documents\GitHub\GIS5572\Lab3\Lab3.gdb\Own_No_Barrier,TotalRenewalServiceTime,-1,-1;Shape_Length "Shape_Length" false true true 8 Double 0 0,First,#,C:\Users\Cole\Documents\GitHub\GIS5572\Lab3\Lab3.gdb\Own_No_Barrier,Shape_Length,-1,-1" #</Process></lineage><itemProps><itemName Sync="TRUE">Own_Network_wo_Barrier</itemName><imsContentType Sync="TRUE">002</imsContentType><itemLocation><linkage Sync="TRUE">file://\\DESKTOP-JTOTD8C\C$\Users\Cole\Documents\GitHub\GIS5572\Lab3\Finished Items\Own_Network_wo_Barrier</linkage><protocol Sync="TRUE">Local Area Network</protocol></itemLocation><itemSize Sync="TRUE">0.000</itemSize></itemProps><coordRef><type Sync="TRUE">Geographic</type><geogcsn Sync="TRUE">GCS_WGS_1984</geogcsn><csUnits Sync="TRUE">Angular Unit: Degree (0.017453)</csUnits><peXml Sync="TRUE">&lt;GeographicCoordinateSystem xsi:type='typens:GeographicCoordinateSystem' xmlns:xsi='http://www.w3.org/2001/XMLSchema-instance' xmlns:xs='http://www.w3.org/2001/XMLSchema' xmlns:typens='http://www.esri.com/schemas/ArcGIS/2.6.0'&gt;&lt;WKT&gt;GEOGCS[&amp;quot;GCS_WGS_1984&amp;quot;,DATUM[&amp;quot;D_WGS_1984&amp;quot;,SPHEROID[&amp;quot;WGS_1984&amp;quot;,6378137.0,298.257223563]],PRIMEM[&amp;quot;Greenwich&amp;quot;,0.0],UNIT[&amp;quot;Degree&amp;quot;,0.0174532925199433],AUTHORITY[&amp;quot;EPSG&amp;quot;,4326]]&lt;/WKT&gt;&lt;XOrigin&gt;-400&lt;/XOrigin&gt;&lt;YOrigin&gt;-400&lt;/YOrigin&gt;&lt;XYScale&gt;11258999068426.238&lt;/XYScale&gt;&lt;ZOrigin&gt;-100000&lt;/ZOrigin&gt;&lt;ZScale&gt;10000&lt;/ZScale&gt;&lt;MOrigin&gt;-100000&lt;/MOrigin&gt;&lt;MScale&gt;10000&lt;/MScale&gt;&lt;XYTolerance&gt;8.983152841195215e-09&lt;/XYTolerance&gt;&lt;ZTolerance&gt;0.001&lt;/ZTolerance&gt;&lt;MTolerance&gt;0.001&lt;/MTolerance&gt;&lt;HighPrecision&gt;true&lt;/HighPrecision&gt;&lt;LeftLongitude&gt;-180&lt;/LeftLongitude&gt;&lt;WKID&gt;4326&lt;/WKID&gt;&lt;LatestWKID&gt;4326&lt;/LatestWKID&gt;&lt;/GeographicCoordinateSystem&gt;</peXml></coordRef><copyHistory><copy source="C:\Users\Cole\Documents\GitHub\GIS5572\Lab3\Own_Network_wo_Barrier" dest="\\DESKTOP-JTOTD8C\C$\Users\Cole\Documents\GitHub\GIS5572\Lab3\Finished Items\Own_Network_wo_Barrier" date="20210326" time="19004700"></copy></copyHistory></DataProperties><SyncDate>20210326</SyncDate><SyncTime>18534300</SyncTime><ModDate>20210326</ModDate><ModTime>18534300</ModTime></Esri><dataIdInfo><envirDesc Sync="TRUE">Microsoft Windows 10 Version 10.0 (Build 19042) ; Esri ArcGIS 12.6.3.24783</envirDesc><dataLang><languageCode value="eng" Sync="TRUE"></languageCode><countryCode value="USA" Sync="TRUE"></countryCode></dataLang><idCitation><resTitle Sync="TRUE">Own_Network_wo_Barrier</resTitle><presForm><PresFormCd value="005" Sync="TRUE"></PresFormCd></presForm></idCitation><spatRpType><SpatRepTypCd value="001" Sync="TRUE"></SpatRepTypCd></spatRpType></dataIdInfo><mdLang><languageCode value="eng" Sync="TRUE"></languageCode><countryCode value="USA" Sync="TRUE"></countryCode></mdLang><distInfo><distFormat><formatName Sync="TRUE">Shapefile</formatName></distFormat><distTranOps><transSize Sync="TRUE">0.000</transSize></distTranOps></distInfo><mdHrLv><ScopeCd value="005" Sync="TRUE"></ScopeCd></mdHrLv><mdHrLvName Sync="TRUE">dataset</mdHrLvName><refSysInfo><RefSystem><refSysID><identCode code="4326" Sync="TRUE"></identCode><idCodeSpace Sync="TRUE">EPSG</idCodeSpace><idVersion Sync="TRUE">6.14(3.0.1)</idVersion></refSysID></RefSystem></refSysInfo><spatRepInfo><VectSpatRep><geometObjs Name="Own_Network_wo_Barrier"><geoObjTyp><GeoObjTypCd value="002" Sync="TRUE"></GeoObjTypCd></geoObjTyp><geoObjCnt Sync="TRUE">0</geoObjCnt></geometObjs><topLvl><TopoLevCd value="001" Sync="TRUE"></TopoLevCd></topLvl></VectSpatRep></spatRepInfo><spdoinfo><ptvctinf><esriterm Name="Own_Network_wo_Barrier"><efeatyp Sync="TRUE">Simple</efeatyp><efeageom code="3" Sync="TRUE"></efeageom><esritopo Sync="TRUE">FALSE</esritopo><efeacnt Sync="TRUE">0</efeacnt><spindex Sync="TRUE">FALSE</spindex><linrefer Sync="TRUE">TRUE</linrefer></esriterm></ptvctinf></spdoinfo><eainfo><detailed Name="Own_Network_wo_Barrier"><enttyp><enttypl Sync="TRUE">Own_Network_wo_Barrier</enttypl><enttypt Sync="TRUE">Feature Class</enttypt><enttypc Sync="TRUE">0</enttypc></enttyp><attr><attrlabl Sync="TRUE">FID</attrlabl><attalias Sync="TRUE">FID</attalias><attrtype Sync="TRUE">OID</attrtype><attwidth Sync="TRUE">4</attwidth><atprecis Sync="TRUE">0</atprecis><attscale Sync="TRUE">0</attscale><attrdef Sync="TRUE">Internal feature number.</attrdef><attrdefs Sync="TRUE">Esri</attrdefs><attrdomv><udom Sync="TRUE">Sequential unique whole numbers that are automatically generated.</udom></attrdomv></attr><attr><attrlabl Sync="TRUE">Shape</attrlabl><attalias Sync="TRUE">Shape</attalias><attrtype Sync="TRUE">Geometry</attrtype><attwidth Sync="TRUE">0</attwidth><atprecis Sync="TRUE">0</atprecis><attscale Sync="TRUE">0</attscale><attrdef Sync="TRUE">Feature geometry.</attrdef><attrdefs Sync="TRUE">Esri</attrdefs><attrdomv><udom Sync="TRUE">Coordinates defining the features.</udom></attrdomv></attr><attr><attrlabl Sync="TRUE">Name</attrlabl><attalias Sync="TRUE">Name</attalias><attrtype Sync="TRUE">String</attrtype><attwidth Sync="TRUE">254</attwidth><atprecis Sync="TRUE">0</atprecis><attscale Sync="TRUE">0</attscale></attr><attr><attrlabl Sync="TRUE">Descriptio</attrlabl><attalias Sync="TRUE">Descriptio</attalias><attrtype Sync="TRUE">String</attrtype><attwidth Sync="TRUE">254</attwidth><atprecis Sync="TRUE">0</atprecis><attscale Sync="TRUE">0</attscale></attr><attr><attrlabl Sync="TRUE">StartDepot</attrlabl><attalias Sync="TRUE">StartDepot</attalias><attrtype Sync="TRUE">String</attrtype><attwidth Sync="TRUE">254</attwidth><atprecis Sync="TRUE">0</atprecis><attscale Sync="TRUE">0</attscale></attr><attr><attrlabl Sync="TRUE">EndDepotNa</attrlabl><attalias Sync="TRUE">EndDepotNa</attalias><attrtype Sync="TRUE">String</attrtype><attwidth Sync="TRUE">254</attwidth><atprecis Sync="TRUE">0</atprecis><attscale Sync="TRUE">0</attscale></attr><attr><attrlabl Sync="TRUE">StartDep_1</attrlabl><attalias Sync="TRUE">StartDep_1</attalias><attrtype Sync="TRUE">Double</attrtype><attwidth Sync="TRUE">19</attwidth><atprecis Sync="TRUE">0</atprecis><attscale Sync="TRUE">0</attscale></attr><attr><attrlabl Sync="TRUE">EndDepotSe</attrlabl><attalias Sync="TRUE">EndDepotSe</attalias><attrtype Sync="TRUE">Double</attrtype><attwidth Sync="TRUE">19</attwidth><atprecis Sync="TRUE">0</atprecis><attscale Sync="TRUE">0</attscale></attr><attr><attrlabl Sync="TRUE">EarliestSt</attrlabl><attalias Sync="TRUE">EarliestSt</attalias><attrtype Sync="TRUE">Date</attrtype><attwidth Sync="TRUE">8</attwidth><atprecis Sync="TRUE">0</atprecis><attscale Sync="TRUE">0</attscale></attr><attr><attrlabl Sync="TRUE">LatestStar</attrlabl><attalias Sync="TRUE">LatestStar</attalias><attrtype Sync="TRUE">Date</attrtype><attwidth Sync="TRUE">8</attwidth><atprecis Sync="TRUE">0</atprecis><attscale Sync="TRUE">0</attscale></attr><attr><attrlabl Sync="TRUE">ArriveDepa</attrlabl><attalias Sync="TRUE">ArriveDepa</attalias><attrtype Sync="TRUE">Double</attrtype><attwidth Sync="TRUE">19</attwidth><atprecis Sync="TRUE">0</atprecis><attscale Sync="TRUE">0</attscale></attr><attr><attrlabl Sync="TRUE">Capacity_1</attrlabl><attalias Sync="TRUE">Capacity_1</attalias><attrtype Sync="TRUE">Double</attrtype><attwidth Sync="TRUE">19</attwidth><atprecis Sync="TRUE">0</atprecis><attscale Sync="TRUE">0</attscale></attr><attr><attrlabl Sync="TRUE">Capacity_2</attrlabl><attalias Sync="TRUE">Capacity_2</attalias><attrtype Sync="TRUE">Double</attrtype><attwidth Sync="TRUE">19</attwidth><atprecis Sync="TRUE">0</atprecis><attscale Sync="TRUE">0</attscale></attr><attr><attrlabl Sync="TRUE">Capacity_3</attrlabl><attalias Sync="TRUE">Capacity_3</attalias><attrtype Sync="TRUE">Double</attrtype><attwidth Sync="TRUE">19</attwidth><atprecis Sync="TRUE">0</atprecis><attscale Sync="TRUE">0</attscale></attr><attr><attrlabl Sync="TRUE">Capacity_4</attrlabl><attalias Sync="TRUE">Capacity_4</attalias><attrtype Sync="TRUE">Double</attrtype><attwidth Sync="TRUE">19</attwidth><atprecis Sync="TRUE">0</atprecis><attscale Sync="TRUE">0</attscale></attr><attr><attrlabl Sync="TRUE">Capacity_5</attrlabl><attalias Sync="TRUE">Capacity_5</attalias><attrtype Sync="TRUE">Double</attrtype><attwidth Sync="TRUE">19</attwidth><atprecis Sync="TRUE">0</atprecis><attscale Sync="TRUE">0</attscale></attr><attr><attrlabl Sync="TRUE">Capacity_6</attrlabl><attalias Sync="TRUE">Capacity_6</attalias><attrtype Sync="TRUE">Double</attrtype><attwidth Sync="TRUE">19</attwidth><atprecis Sync="TRUE">0</atprecis><attscale Sync="TRUE">0</attscale></attr><attr><attrlabl Sync="TRUE">Capacity_7</attrlabl><attalias Sync="TRUE">Capacity_7</attalias><attrtype Sync="TRUE">Double</attrtype><attwidth Sync="TRUE">19</attwidth><atprecis Sync="TRUE">0</atprecis><attscale Sync="TRUE">0</attscale></attr><attr><attrlabl Sync="TRUE">Capacity_8</attrlabl><attalias Sync="TRUE">Capacity_8</attalias><attrtype Sync="TRUE">Double</attrtype><attwidth Sync="TRUE">19</attwidth><atprecis Sync="TRUE">0</atprecis><attscale Sync="TRUE">0</attscale></attr><attr><attrlabl Sync="TRUE">Capacity_9</attrlabl><attalias Sync="TRUE">Capacity_9</attalias><attrtype Sync="TRUE">Double</attrtype><attwidth Sync="TRUE">19</attwidth><atprecis Sync="TRUE">0</atprecis><attscale Sync="TRUE">0</attscale></attr><attr><attrlabl Sync="TRUE">FixedCost</attrlabl><attalias Sync="TRUE">FixedCost</attalias><attrtype Sync="TRUE">Double</attrtype><attwidth Sync="TRUE">19</attwidth><atprecis Sync="TRUE">0</atprecis><attscale Sync="TRUE">0</attscale></attr><attr><attrlabl Sync="TRUE">CostPerUni</attrlabl><attalias Sync="TRUE">CostPerUni</attalias><attrtype Sync="TRUE">Double</attrtype><attwidth Sync="TRUE">19</attwidth><atprecis Sync="TRUE">0</atprecis><attscale Sync="TRUE">0</attscale></attr><attr><attrlabl Sync="TRUE">CostPerU_1</attrlabl><attalias Sync="TRUE">CostPerU_1</attalias><attrtype Sync="TRUE">Double</attrtype><attwidth Sync="TRUE">19</attwidth><atprecis Sync="TRUE">0</atprecis><attscale Sync="TRUE">0</attscale></attr><attr><attrlabl Sync="TRUE">OvertimeSt</attrlabl><attalias Sync="TRUE">OvertimeSt</attalias><attrtype Sync="TRUE">Double</attrtype><attwidth Sync="TRUE">19</attwidth><atprecis Sync="TRUE">0</atprecis><attscale Sync="TRUE">0</attscale></attr><attr><attrlabl Sync="TRUE">CostPerU_2</attrlabl><attalias Sync="TRUE">CostPerU_2</attalias><attrtype Sync="TRUE">Double</attrtype><attwidth Sync="TRUE">19</attwidth><atprecis Sync="TRUE">0</atprecis><attscale Sync="TRUE">0</attscale></attr><attr><attrlabl Sync="TRUE">MaxOrderCo</attrlabl><attalias Sync="TRUE">MaxOrderCo</attalias><attrtype Sync="TRUE">Integer</attrtype><attwidth Sync="TRUE">10</attwidth><atprecis Sync="TRUE">10</atprecis><attscale Sync="TRUE">0</attscale></attr><attr><attrlabl Sync="TRUE">MaxTotalTi</attrlabl><attalias Sync="TRUE">MaxTotalTi</attalias><attrtype Sync="TRUE">Double</attrtype><attwidth Sync="TRUE">19</attwidth><atprecis Sync="TRUE">0</atprecis><attscale Sync="TRUE">0</attscale></attr><attr><attrlabl Sync="TRUE">MaxTotalTr</attrlabl><attalias Sync="TRUE">MaxTotalTr</attalias><attrtype Sync="TRUE">Double</attrtype><attwidth Sync="TRUE">19</attwidth><atprecis Sync="TRUE">0</atprecis><attscale Sync="TRUE">0</attscale></attr><attr><attrlabl Sync="TRUE">MaxTotalDi</attrlabl><attalias Sync="TRUE">MaxTotalDi</attalias><attrtype Sync="TRUE">Double</attrtype><attwidth Sync="TRUE">19</attwidth><atprecis Sync="TRUE">0</atprecis><attscale Sync="TRUE">0</attscale></attr><attr><attrlabl Sync="TRUE">Assignment</attrlabl><attalias Sync="TRUE">Assignment</attalias><attrtype Sync="TRUE">Integer</attrtype><attwidth Sync="TRUE">10</attwidth><atprecis Sync="TRUE">10</atprecis><attscale Sync="TRUE">0</attscale></attr><attr><attrlabl Sync="TRUE">ViolatedCo</attrlabl><attalias Sync="TRUE">ViolatedCo</attalias><attrtype Sync="TRUE">Integer</attrtype><attwidth Sync="TRUE">10</attwidth><atprecis Sync="TRUE">10</atprecis><attscale Sync="TRUE">0</attscale></attr><attr><attrlabl Sync="TRUE">Violated_1</attrlabl><attalias Sync="TRUE">Violated_1</attalias><attrtype Sync="TRUE">Integer</attrtype><attwidth Sync="TRUE">10</attwidth><atprecis Sync="TRUE">10</atprecis><attscale Sync="TRUE">0</attscale></attr><attr><attrlabl Sync="TRUE">Violated_2</attrlabl><attalias Sync="TRUE">Violated_2</attalias><attrtype Sync="TRUE">Integer</attrtype><attwidth Sync="TRUE">10</attwidth><atprecis Sync="TRUE">10</atprecis><attscale Sync="TRUE">0</attscale></attr><attr><attrlabl Sync="TRUE">Violated_3</attrlabl><attalias Sync="TRUE">Violated_3</attalias><attrtype Sync="TRUE">Integer</attrtype><attwidth Sync="TRUE">10</attwidth><atprecis Sync="TRUE">10</atprecis><attscale Sync="TRUE">0</attscale></attr><attr><attrlabl Sync="TRUE">OrderCount</attrlabl><attalias Sync="TRUE">OrderCount</attalias><attrtype Sync="TRUE">Integer</attrtype><attwidth Sync="TRUE">10</attwidth><atprecis Sync="TRUE">10</atprecis><attscale Sync="TRUE">0</attscale></attr><attr><attrlabl Sync="TRUE">TotalCost</attrlabl><attalias Sync="TRUE">TotalCost</attalias><attrtype Sync="TRUE">Double</attrtype><attwidth Sync="TRUE">19</attwidth><atprecis Sync="TRUE">0</atprecis><attscale Sync="TRUE">0</attscale></attr><attr><attrlabl Sync="TRUE">RegularTim</attrlabl><attalias Sync="TRUE">RegularTim</attalias><attrtype Sync="TRUE">Double</attrtype><attwidth Sync="TRUE">19</attwidth><atprecis Sync="TRUE">0</atprecis><attscale Sync="TRUE">0</attscale></attr><attr><attrlabl Sync="TRUE">OvertimeCo</attrlabl><attalias Sync="TRUE">OvertimeCo</attalias><attrtype Sync="TRUE">Double</attrtype><attwidth Sync="TRUE">19</attwidth><atprecis Sync="TRUE">0</atprecis><attscale Sync="TRUE">0</attscale></attr><attr><attrlabl Sync="TRUE">DistanceCo</attrlabl><attalias Sync="TRUE">DistanceCo</attalias><attrtype Sync="TRUE">Double</attrtype><attwidth Sync="TRUE">19</attwidth><atprecis Sync="TRUE">0</atprecis><attscale Sync="TRUE">0</attscale></attr><attr><attrlabl Sync="TRUE">TotalTime</attrlabl><attalias Sync="TRUE">TotalTime</attalias><attrtype Sync="TRUE">Double</attrtype><attwidth Sync="TRUE">19</attwidth><atprecis Sync="TRUE">0</atprecis><attscale Sync="TRUE">0</attscale></attr><attr><attrlabl Sync="TRUE">TotalOrder</attrlabl><attalias Sync="TRUE">TotalOrder</attalias><attrtype Sync="TRUE">Double</attrtype><attwidth Sync="TRUE">19</attwidth><atprecis Sync="TRUE">0</atprecis><attscale Sync="TRUE">0</attscale></attr><attr><attrlabl Sync="TRUE">TotalBreak</attrlabl><attalias Sync="TRUE">TotalBreak</attalias><attrtype Sync="TRUE">Double</attrtype><attwidth Sync="TRUE">19</attwidth><atprecis Sync="TRUE">0</atprecis><attscale Sync="TRUE">0</attscale></attr><attr><attrlabl Sync="TRUE">TotalTrave</attrlabl><attalias Sync="TRUE">TotalTrave</attalias><attrtype Sync="TRUE">Double</attrtype><attwidth Sync="TRUE">19</attwidth><atprecis Sync="TRUE">0</atprecis><attscale Sync="TRUE">0</attscale></attr><attr><attrlabl Sync="TRUE">TotalDista</attrlabl><attalias Sync="TRUE">TotalDista</attalias><attrtype Sync="TRUE">Double</attrtype><attwidth Sync="TRUE">19</attwidth><atprecis Sync="TRUE">0</atprecis><attscale Sync="TRUE">0</attscale></attr><attr><attrlabl Sync="TRUE">StartTime</attrlabl><attalias Sync="TRUE">StartTime</attalias><attrtype Sync="TRUE">Date</attrtype><attwidth Sync="TRUE">8</attwidth><atprecis Sync="TRUE">0</atprecis><attscale Sync="TRUE">0</attscale></attr><attr><attrlabl Sync="TRUE">EndTime</attrlabl><attalias Sync="TRUE">EndTime</attalias><attrtype Sync="TRUE">Date</attrtype><attwidth Sync="TRUE">8</attwidth><atprecis Sync="TRUE">0</atprecis><attscale Sync="TRUE">0</attscale></attr><attr><attrlabl Sync="TRUE">StartTimeU</attrlabl><attalias Sync="TRUE">StartTimeU</attalias><attrtype Sync="TRUE">Date</attrtype><attwidth Sync="TRUE">8</attwidth><atprecis Sync="TRUE">0</atprecis><attscale Sync="TRUE">0</attscale></attr><attr><attrlabl Sync="TRUE">EndTimeUTC</attrlabl><attalias Sync="TRUE">EndTimeUTC</attalias><attrtype Sync="TRUE">Date</attrtype><attwidth Sync="TRUE">8</attwidth><atprecis Sync="TRUE">0</atprecis><attscale Sync="TRUE">0</attscale></attr><attr><attrlabl Sync="TRUE">TotalWaitT</attrlabl><attalias Sync="TRUE">TotalWaitT</attalias><attrtype Sync="TRUE">Double</attrtype><attwidth Sync="TRUE">19</attwidth><atprecis Sync="TRUE">0</atprecis><attscale Sync="TRUE">0</attscale></attr><attr><attrlabl Sync="TRUE">TotalViola</attrlabl><attalias Sync="TRUE">TotalViola</attalias><attrtype Sync="TRUE">Double</attrtype><attwidth Sync="TRUE">19</attwidth><atprecis Sync="TRUE">0</atprecis><attscale Sync="TRUE">0</attscale></attr><attr><attrlabl Sync="TRUE">RenewalCou</attrlabl><attalias Sync="TRUE">RenewalCou</attalias><attrtype Sync="TRUE">Integer</attrtype><attwidth Sync="TRUE">10</attwidth><atprecis Sync="TRUE">10</atprecis><attscale Sync="TRUE">0</attscale></attr><attr><attrlabl Sync="TRUE">TotalRenew</attrlabl><attalias Sync="TRUE">TotalRenew</attalias><attrtype Sync="TRUE">Double</attrtype><attwidth Sync="TRUE">19</attwidth><atprecis Sync="TRUE">0</atprecis><attscale Sync="TRUE">0</attscale></attr><attr><attrlabl Sync="TRUE">Shape_Leng</attrlabl><attalias Sync="TRUE">Shape_Leng</attalias><attrtype Sync="TRUE">Double</attrtype><attwidth Sync="TRUE">19</attwidth><atprecis Sync="TRUE">0</atprecis><attscale Sync="TRUE">0</attscale></attr></detailed></eainfo><mdDateSt Sync="TRUE">20210326</mdDateSt></metadata>
