<?xml version="1.0"?><metadata><idinfo><citation><citeinfo><origin>Rice County, Minnesota</origin><pubinfo><publish>Rice County, Minnesota</publish></pubinfo><title>Roads, Rice County, Minnesota</title><pubdate>20200908</pubdate><onlink>https://gisdata.mn.gov/pub/gdrs/data/pub/us_mn_co_rice/trans_roads/metadata/preview.jpg</onlink></citeinfo></citation><spdom><bounding><westbc>-93.53</westbc><eastbc>-93.03</eastbc><northbc>44.55</northbc><southbc>44.19</southbc></bounding></spdom><descript><supplinf>Rice County, Minnesota</supplinf><abstract>Enhanced 911 Roads in Rice County, Minnesota</abstract><purpose>Define the location of the roads in Rice County and provide address range information for the County and the 911 Center</purpose></descript><keywords><place><placekey>Rice County, Minnesota, MN</placekey></place><theme><themekt>Enhanced 911 Roads, Roads, Road, E911 Road, E911 Roads, E911, Enhanced E911 Road</themekt><themekey>Enhanced 911 Roads, Roads, Road, E911 Road, E911 Roads, E911, Enhanced E911 Road</themekey></theme></keywords><status><progress>Complete</progress><update>As needed</update></status><accconst>none</accconst><timeperd><timeinfo><sngdate><caldate>20200908</caldate></sngdate></timeinfo><current>last update</current></timeperd><browse><browsen>ftp://ftp.gisdata.mn.gov/pub/gdrs/data/pub/us_mn_co_rice/trans_roads/metadata/preview.jpg</browsen></browse><useconst>none</useconst><ptcontac><cntinfo><cntperp><cntorg>Rice County</cntorg><cntper>Michelle Trager</cntper></cntperp><cntpos>GIS Coordinator</cntpos><cntaddr><addrtype>physical and mailing</addrtype><address>320 3rd St NW</address><city>Faribault</city><state>MN</state><postal>55021</postal></cntaddr><cntvoice>507-332-5950</cntvoice><cntemail>rcgis@co.rice.mn.us</cntemail></cntinfo></ptcontac></idinfo><distinfo><distliab>No warranty expressed or implied is made regarding the accuracy or utility of the data on any system or for general or scientific purposes, nor shall the act of distribution constitute any such warranty. It is strongly recommended that careful attention be paid to the contents of the metadata file associated with these data to evaluate data set limitations, restrictions or intended use. The distributing agency shall not be held liable for improper or incorrect use of the data described and/or contained herein.</distliab><stdorder><ordering>This data set is distributed via the Minnesota Geospatial Commons by clicking below after Online Linkage.</ordering></stdorder><distrib><cntinfo><cntperp><cntorg>Rice County</cntorg><cntper>Michelle Trager</cntper></cntperp><cntpos>GIS Coordinator</cntpos><cntaddr><addrtype>mailing and physical</addrtype><address>320 3rd St NW</address><city>Faribault</city><state>MN</state><postal>55021</postal></cntaddr><cntvoice>507-332-5950</cntvoice><cntemail>rcgis@co.rice.mn.us</cntemail></cntinfo></distrib></distinfo><metainfo><metstdn>Minnesota Geographic Metadata Guidelines</metstdn><metstdv>1.2</metstdv><metextns><onlink>http://www.mngeo.state.mn.us/committee/standards/mgmg/metadata.htm</onlink></metextns><metd>20200908</metd><metc><cntinfo><cntperp><cntorg>Rice County</cntorg><cntper>Michelle Trager</cntper></cntperp><cntpos>GIS Coordinator</cntpos><cntaddr><addrtype>mailing and physical</addrtype><address>320 3rd St NW</address><city>Faribault</city><state>MN</state><postal>55021</postal></cntaddr><cntvoice>507-332-5950</cntvoice><cntemail>rcgis@co.rice.mn.us</cntemail></cntinfo></metc></metainfo><spref><vertdef><altsys><altdatum>not applicable</altdatum></altsys><depthsys><depthdn>not applicable</depthdn></depthsys></vertdef><horizsys><planar><gridsys><gridsysn>Minnesota County Coordinate System NAD83</gridsysn><mgmg4coz>57</mgmg4coz></gridsys><planci><plandu>feet</plandu></planci></planar><geodetic><horizdn>NAD83</horizdn><ellips>GRS80</ellips></geodetic></horizsys></spref><dataqual><lineage><procstep><procdesc>Roads are drawn using COGO in ArcGIS Desktop when survey information is available.  Other roads were drawn using heads-up digitizing.  Address ranges are based on address grids.</procdesc></procstep></lineage><logic>overlaps do exist where road segments have more than one name</logic><complete>complete</complete><posacc><horizpa><horizpar>not available</horizpar></horizpa><vertacc><vertaccr>no applicable</vertaccr></vertacc></posacc></dataqual><eainfo><detailed><enttyp><enttypl>Roads</enttypl></enttyp><attr><attrlabl>ST_NAME</attrlabl><attrdef>Street Name</attrdef></attr><attr><attrlabl>ST_TYPE</attrlabl><attrdef>Street Type</attrdef><attrdomv><edom><edomv>AVE</edomv><edomvd>Avenue</edomvd></edom></attrdomv><attrdomv><edom><edomv>BAY</edomv><edomvd>Bay</edomvd></edom></attrdomv><attrdomv><edom><edomv>CIR</edomv><edomvd>Circle</edomvd></edom></attrdomv><attrdomv><edom><edomv>COVE</edomv><edomvd>Cove</edomvd></edom></attrdomv><attrdomv><edom><edomv>CRES</edomv><edomvd>Cresent</edomvd></edom></attrdomv><attrdomv><edom><edomv>CT</edomv><edomvd>Court</edomvd></edom></attrdomv><attrdomv><edom><edomv>DR</edomv><edomvd>Drive</edomvd></edom></attrdomv><attrdomv><edom><edomv>KNL</edomv><edomvd>Knoll</edomvd></edom></attrdomv><attrdomv><edom><edomv>LN</edomv><edomvd>Lane</edomvd></edom></attrdomv><attrdomv><edom><edomv>PATH</edomv><edomvd>Path</edomvd></edom></attrdomv><attrdomv><edom><edomv>PL</edomv><edomvd>Place</edomvd></edom></attrdomv><attrdomv><edom><edomv>RD</edomv><edomvd>Road</edomvd></edom></attrdomv><attrdomv><edom><edomv>ROW</edomv><edomvd>Row</edomvd></edom></attrdomv><attrdomv><edom><edomv>SHRS</edomv><edomvd>Shores</edomvd></edom></attrdomv><attrdomv><edom><edomv>SQ</edomv><edomvd>Square</edomvd></edom></attrdomv><attrdomv><edom><edomv>ST</edomv><edomvd>Street</edomvd></edom></attrdomv><attrdomv><edom><edomv>TER</edomv><edomvd>Terrace</edomvd></edom></attrdomv><attrdomv><edom><edomv>TRL</edomv><edomvd>Trail</edomvd></edom></attrdomv><attrdomv><edom><edomv>WAY</edomv><edomvd>Way</edomvd></edom></attrdomv><attrdomv><edom><edomv>CTWY</edomv><edomvd>Courtway</edomvd></edom></attrdomv><attrdomv><edom><edomv>PKWY</edomv><edomvd>Parkway</edomvd></edom></attrdomv></attr><attr><attrlabl>SUF_DIR</attrlabl><attrdef>Direction</attrdef><attrdomv><edom><edomv>E</edomv><edomvd>East</edomvd></edom></attrdomv><attrdomv><edom><edomv>N</edomv><edomvd>North</edomvd></edom></attrdomv><attrdomv><edom><edomv>NE</edomv><edomvd>Northeast</edomvd></edom></attrdomv><attrdomv><edom><edomv>NW</edomv><edomvd>Northwest</edomvd></edom></attrdomv><attrdomv><edom><edomv>S</edomv><edomvd>South</edomvd></edom></attrdomv><attrdomv><edom><edomv>SE</edomv><edomvd>Southeast</edomvd></edom></attrdomv><attrdomv><edom><edomv>SW</edomv><edomvd>Southwest</edomvd></edom></attrdomv><attrdomv><edom><edomv>W</edomv><edomvd>West</edomvd></edom></attrdomv></attr><attr><attrlabl>ZIPL</attrlabl><attrdef>Zipcode Left</attrdef></attr><attr><attrlabl>ZIPR</attrlabl><attrdef>Zipcode Right</attrdef></attr><attr><attrlabl>LCITY</attrlabl><attrdef>Left City</attrdef></attr><attr><attrlabl>RCITY</attrlabl><attrdef>Right City</attrdef></attr><attr><attrlabl>LEFTCROSS</attrlabl><attrdef>Left Cross Street</attrdef></attr><attr><attrlabl>RIGHTCROSS</attrlabl><attrdef>Right Cross Street</attrdef></attr><attr><attrlabl>LADD_FR</attrlabl><attrdef>Left Address From</attrdef></attr><attr><attrlabl>LADD_TO</attrlabl><attrdef>Left Address To</attrdef></attr><attr><attrlabl>RADD_FR</attrlabl><attrdef>Right Address From</attrdef></attr><attr><attrlabl>RADDR_TO</attrlabl><attrdef>Right Address To</attrdef></attr><attr><attrlabl>RD_TYPE</attrlabl><attrdef>Road Type</attrdef><attrdomv><edom><edomv>CITY</edomv><edomvd>City Road</edomvd></edom></attrdomv><attrdomv><edom><edomv>CR</edomv><edomvd>County Road</edomvd></edom></attrdomv><attrdomv><edom><edomv>CSAH</edomv><edomvd>County State Aide Highway</edomvd></edom></attrdomv><attrdomv><edom><edomv>INT</edomv><edomvd>Interstate</edomvd></edom></attrdomv><attrdomv><edom><edomv>PLAT</edomv><edomvd>Platted Roads</edomvd></edom></attrdomv><attrdomv><edom><edomv>PR</edomv><edomvd>Private Road</edomvd></edom></attrdomv><attrdomv><edom><edomv>RAMP</edomv><edomvd>Ramp</edomvd></edom></attrdomv><attrdomv><edom><edomv>RAMP/CSAH</edomv><edomvd>Ramp for County State Aide Highway</edomvd></edom></attrdomv><attrdomv><edom><edomv>ST HWY</edomv><edomvd>State Highway</edomvd></edom></attrdomv><attrdomv><edom><edomv>TA</edomv><edomvd>Interstate Turn Around</edomvd></edom></attrdomv><attrdomv><edom><edomv>TWP</edomv><edomvd>Township Road</edomvd></edom></attrdomv><attrdomv><edom><edomv>US HWY</edomv><edomvd>US Highway</edomvd></edom></attrdomv></attr><attr><attrlabl>RD_NUMBER</attrlabl><attrdef>Road Number</attrdef></attr><attr><attrlabl>SURFACE</attrlabl><attrdef>Road Surface</attrdef><attrdomv><edom><edomv>GR</edomv><edomvd>Gravel</edomvd></edom></attrdomv><attrdomv><edom><edomv>PAV</edomv><edomvd>Paved</edomvd></edom></attrdomv></attr><attr><attrlabl>COMMENTS</attrlabl><attrdef>Comments</attrdef></attr><attr><attrlabl>METHOD</attrlabl><attrdef>Method</attrdef><attrdomv><edom><edomv>COGO</edomv><edomvd>Coordinate Geometry</edomvd></edom></attrdomv><attrdomv><edom><edomv>HU</edomv><edomvd>Heads-up Digitizing</edomvd></edom></attrdomv></attr><attr><attrlabl>FULL_NAME</attrlabl><attrdef>Full Name</attrdef></attr></detailed></eainfo></metadata>