﻿<?xml version="1.0"?><metadata><idinfo><citation><citeinfo><origin>Minnesota Department of Natural Resources (DNR)</origin><pubdate>2006-11-10 00:00:00.0</pubdate><title>Minnesota Wild and Scenic River Districts</title><mgmg1cid></mgmg1cid><pubinfo><publish>Minnesota DNR - Division of Waters</publish></pubinfo><onlink>http://gisdata.mn.gov/dataset/bdry-wild-and-scenic-river-admin</onlink></citeinfo></citation><descript><abstract>District boundaries for wild, scenic, and recreational rivers designated under the Minnesota State Wild and Scenic Rivers Act. Includes portions of the Minnesota River, Mississippi River, Rum River, Kettle River, North Fork of the Crow River and the Cannon River.</abstract><purpose>To easily identify district boundaries on maps or using GIS software.</purpose><supplinf>Portions of the Minnesota River (Stearns Co., Wright Co., Sherburne Co., Hennepin Co., and Anoka Co.), Mississippi River (Lac Qui Parle Co., Chippewa Co., Yellow Medicine Co., Renville Co., and Redwood Co.), Rum River (Mille Lacs Co., Sherburne Co., Isanti Co., and Anoka Co.), Kettle River (Pine Co.), North Fork of the Crow River (Meeker Co.) and the Cannon River (Rice Co., Dakota Co., and Goodhue Co.).</supplinf></descript><timeperd><timeinfo><sngdate><caldate>October 19, 2006</caldate></sngdate></timeinfo><current>October 19, 2006 
 Some district boundaries were determined by using distance buffers from a river shape file that was made from DNR 24k Lakes data. The DNR 24k Lakes Data are derived primarily from the National Wetlands Inventory (NWI) which are based on 1990 vintage aerial photography. Some 200 quads of data are based on USGS quadrangle maps, which vary widely in vintage from the early 1980s to early 1990s.</current></timeperd><status><progress>Complete</progress><update>As needed</update></status><spdom><bounding><westbc>-95.840130</westbc><eastbc>-92.537349</eastbc><northbc>46.418277</northbc><southbc>44.284642</southbc></bounding></spdom><keywords><theme><themekey>wild and scenic, wild rivers, scenic rivers, recreational rivers, land use districts</themekey></theme><place><placekey>Mississippi River, Minnesota River, Rum River, Kettle River, North Fork of the Crow River, Cannon River</placekey></place></keywords><accconst>None</accconst><useconst>District shape files are approximate in many areas. The actual district boundaries are described in Minnesota Rules 6105. The only definitive way to determine if a subject property is within a district is to have the property surveyed and compare that information to the district descriptions in the rules.</useconst><browse><browsen>https://resources.gisdata.mn.gov/pub/gdrs/data/pub/us_mn_state_dnr/bdry_wild_and_scenic_river_admin/metadata/preview.jpg</browsen></browse><native>ArcView Shapefile</native><ptcontac><cntinfo><cntperp><cntorg>Minnesota DNR - Division of Waters</cntorg><cntper>Rebecca Wooden</cntper></cntperp><cntpos>Supervisor, Rivers and Shorelands</cntpos><cntaddr><addrtype>Mailing and Physical</addrtype><address>500 Lafayette Road - Box 32</address><city>Saint Paul</city><state>MN</state><postal>55155</postal></cntaddr><cntvoice>651-259-5717</cntvoice><cntfax>651-296-0445</cntfax><cntemail>rebecca.wooden@state.mn.us</cntemail></cntinfo></ptcontac></idinfo><dataqual><logic>Not specifically assessed</logic><complete>In some areas the district boundary is described as a set distance from the ordinary high water mark. No geographic data was available for the ordinary high water mark. DNR 24k Lakes data was used to approximate the ordinary high water mark. In cases where there are step riverbanks this data may be very accurate. In cases where there are shallow or gradual riverbanks the ordinary high water mark, and thus the district boundary is more inland than represented in the data. 

In the case of the North Fork of the Crow River, no DNR 24k Lakes data was available to identify the edge of the river. In this case a line representing the center of the river was used as the starting point for the district measurement. The actual district boundary will be further inland than is represented as the ordinary high water mark is on the edge of the river rather than the center.</complete><posacc><horizpa><horizpar>Source layer bdry_wsrpy2:  variable/unknown
</horizpar></horizpa><vertacc><vertaccr>Source layer bdry_wsrpy2:  Not Applicable
</vertaccr></vertacc></posacc><lineage><srcinfo><srcscale>Source layer bdry_wsrpy2:  0
</srcscale></srcinfo></lineage></dataqual><spdoinfo><indspref>Wild and Scenic Rivers</indspref><direct>vector</direct><mgmg3obj>polygon</mgmg3obj><mgmg3til>state</mgmg3til></spdoinfo><spref><vertdef><altsys><altdatum>not applicable</altdatum><altunits>Not Applicable</altunits></altsys><depthsys><depthdn>not applicable</depthdn><depthdu>Not Applicable</depthdu></depthsys></vertdef><horizsys><planar><gridsys><gridsysn>Universal Transverse Mercator</gridsysn><utm><utmzone>15</utmzone></utm></gridsys><planci><plandu>meters</plandu></planci></planar><geodetic><horizdn>NAD83</horizdn><ellips>GRS80</ellips></geodetic></horizsys></spref><eainfo><detailed><enttyp><enttypl>wild_and_scenic_river_admin</enttypl><enttypd>Feature Class attribute table for Wild and Scenic River Districts</enttypd></enttyp><attr><attrlabl>DISTRICT</attrlabl><attrdef>Wild and Scenic River District Name</attrdef></attr><attr><attrlabl>RIVER</attrlabl><attrdef>River Name</attrdef></attr></detailed></eainfo><distinfo><resdesc>bdry_wild_and_scenic_river_admin</resdesc><distliab>The Minnesota Department of Natural Resources General Geographic Data License Agreement is online: http://www.dnr.state.mn.us/sitetools/data_software_license.html</distliab><stdorder><digform><digtinfo><formname>ArcView Shapefile</formname><formvern></formvern><transize>1024</transize></digtinfo></digform><ordering>Please visit the download page for this dataset on the Minnesota Geospatial Commons website using the web link below (Online Linkage).</ordering></stdorder><distrib><cntinfo><cntperp><cntorg>Minnesota Department of Natural Resources</cntorg><cntper>Zeb Thomas</cntper></cntperp><cntpos>GIS Data Systems Coordinator</cntpos><cntaddr><address>500 Lafayette Rd</address><city>Saint Paul</city><state>MN</state><postal>55155</postal><addrtype>mailing and physical</addrtype></cntaddr><cntvoice>651-259-5637</cntvoice><cntemail>zeb.thomas@state.mn.us</cntemail></cntinfo></distrib></distinfo><metainfo><metd>20141222</metd><metstdn>Minnesota Geographic Metadata Guidelines</metstdn><metstdv>1.2</metstdv><metextns><onlink>http://www.mngeo.state.mn.us/committee/standards/mgmg/metadata.htm</onlink></metextns><metc><cntinfo><cntperp><cntorg>Minnesota DNR - Division of Waters</cntorg><cntper>Rebecca Wooden</cntper></cntperp><cntpos>Supervisor, Rivers and Shorelands</cntpos><cntaddr><addrtype>mailing and physical</addrtype><address>500 Lafayette Road - Box 32</address><city>Saint Paul</city><state>MN</state><postal>55155</postal></cntaddr><cntvoice>651-259-5717</cntvoice><cntfax>651-296-0445</cntfax><cntemail>rebecca.wooden@state.mn.us</cntemail></cntinfo></metc></metainfo></metadata>