<metadata xml:lang="en">
	<Esri>
		<CreaDate>20210115</CreaDate>
		<CreaTime>11072100</CreaTime>
		<ArcGISFormat>1.0</ArcGISFormat>
		<SyncOnce>FALSE</SyncOnce>
		<DataProperties>
			<lineage>
				<Process ToolSource="c:\app\arcgis\desktop\desktop10.3\ArcToolbox\Toolboxes\Data Management Tools.tbx\ChangePrivileges" Date="20170314" Time="144227">ChangePrivileges C:/Users/drey1mar/AppData/Roaming/ESRI/Desktop10.3/ArcCatalog/sdw_trans@tgp.sde\SDW_TRANS.SCENIC_BYWAY_NM SDW_TRANS_READ_ONLY_01 GRANT AS_IS</Process>
				<Process ToolSource="c:\program files (x86)\arcgis\desktop10.7\ArcToolbox\Toolboxes\Data Management Tools.tbx\Copy" Date="20210115" Time="110724">Copy "Database Connections\TGP_11g.sde\SDW_TRANS.SCENIC_BYWAY_NM" \\GISFS\us_mn_state_dot\trans_routes_tour\fgdb\trans_routes_tour.gdb\Scenic_Byways_Non_Measured_in_Minnesota FeatureClass</Process>
				<Process ToolSource="C:\program files\arcgis\server\ArcToolbox\Toolboxes\Conversion Tools.tbx\FeatureClassToFeatureClass" Date="20210121" Time="002126">FeatureClassToFeatureClass /var/ftp/gdrs_temp/update\us_mn_state_dot\trans_routes_tour\fgdb\trans_routes_tour.gdb\Scenic_Byways_Non_Measured_in_Minnesota /var/ftp/gdrs_temp/update\us_mn_state_dot\trans_routes_tour\shp Scenic_Byways_Non_Measured_in_Minnesota.shp # "ROUTE_ID "ROUTE_ID" true true false 18 Text 0 0 ,First,#,/var/ftp/gdrs_temp/update\us_mn_state_dot\trans_routes_tour\fgdb\trans_routes_tour.gdb\Scenic_Byways_Non_Measured_in_Minnesota,ROUTE_ID,-1,-1;SCENIC_BYW "SCENIC_BYW" true false false 4 Long 0 0 ,First,#,/var/ftp/gdrs_temp/update\us_mn_state_dot\trans_routes_tour\fgdb\trans_routes_tour.gdb\Scenic_Byways_Non_Measured_in_Minnesota,SCENIC_BYWAY,-1,-1;DESCRIPTIO "DESCRIPTIO" true false false 255 Text 0 0 ,First,#,/var/ftp/gdrs_temp/update\us_mn_state_dot\trans_routes_tour\fgdb\trans_routes_tour.gdb\Scenic_Byways_Non_Measured_in_Minnesota,DESCRIPTION,-1,-1;SHAPE_Leng "SHAPE_Leng" false true true 8 Double 0 0 ,First,#,/var/ftp/gdrs_temp/update\us_mn_state_dot\trans_routes_tour\fgdb\trans_routes_tour.gdb\Scenic_Byways_Non_Measured_in_Minnesota,SHAPE_Length,-1,-1" #</Process>
			</lineage>
			<itemProps>
				<itemName Sync="TRUE">Scenic_Byways_Non_Measured_in_Minnesota</itemName>
				<nativeExtBox>
					<westBL Sync="TRUE">174000.000000</westBL>
					<eastBL Sync="TRUE">787000.000000</eastBL>
					<southBL Sync="TRUE">4790000.000000</southBL>
					<northBL Sync="TRUE">5500000.000000</northBL>
					<exTypeCode Sync="TRUE">1</exTypeCode>
				</nativeExtBox>
				<itemLocation>
					<linkage Sync="TRUE">file://\\g46palgdrftp001\Z\var\ftp\gdrs_temp\update\us_mn_state_dot\trans_routes_tour\shp\Scenic_Byways_Non_Measured_in_Minnesota.shp</linkage>
					<protocol Sync="TRUE">Local Area Network</protocol>
				</itemLocation>
				<imsContentType Sync="TRUE">002</imsContentType>
				<itemSize Sync="TRUE">0.000</itemSize>
			</itemProps>
			<coordRef>
				<type Sync="TRUE">Projected</type>
				<geogcsn Sync="TRUE">GCS_North_American_1983</geogcsn>
				<csUnits Sync="TRUE">Linear Unit: Meter (1.000000)</csUnits>
				<projcsn Sync="TRUE">NAD_1983_UTM_Zone_15N</projcsn>
				<peXml Sync="TRUE">&lt;ProjectedCoordinateSystem xsi:type='typens:ProjectedCoordinateSystem' xmlns:xsi='http://www.w3.org/2001/XMLSchema-instance' xmlns:xs='http://www.w3.org/2001/XMLSchema' xmlns:typens='http://www.esri.com/schemas/ArcGIS/10.4'&gt;&lt;WKT&gt;PROJCS[&amp;quot;NAD_1983_UTM_Zone_15N&amp;quot;,GEOGCS[&amp;quot;GCS_North_American_1983&amp;quot;,DATUM[&amp;quot;D_North_American_1983&amp;quot;,SPHEROID[&amp;quot;GRS_1980&amp;quot;,6378137.0,298.257222101]],PRIMEM[&amp;quot;Greenwich&amp;quot;,0.0],UNIT[&amp;quot;Degree&amp;quot;,0.0174532925199433]],PROJECTION[&amp;quot;Transverse_Mercator&amp;quot;],PARAMETER[&amp;quot;False_Easting&amp;quot;,500000.0],PARAMETER[&amp;quot;False_Northing&amp;quot;,0.0],PARAMETER[&amp;quot;Central_Meridian&amp;quot;,-93.0],PARAMETER[&amp;quot;Scale_Factor&amp;quot;,0.9996],PARAMETER[&amp;quot;Latitude_Of_Origin&amp;quot;,0.0],UNIT[&amp;quot;Meter&amp;quot;,1.0],AUTHORITY[&amp;quot;EPSG&amp;quot;,26915]]&lt;/WKT&gt;&lt;XOrigin&gt;-5120900&lt;/XOrigin&gt;&lt;YOrigin&gt;-9998100&lt;/YOrigin&gt;&lt;XYScale&gt;450445547.3910538&lt;/XYScale&gt;&lt;ZOrigin&gt;-100000&lt;/ZOrigin&gt;&lt;ZScale&gt;10000&lt;/ZScale&gt;&lt;MOrigin&gt;-100000&lt;/MOrigin&gt;&lt;MScale&gt;10000&lt;/MScale&gt;&lt;XYTolerance&gt;0.001&lt;/XYTolerance&gt;&lt;ZTolerance&gt;0.001&lt;/ZTolerance&gt;&lt;MTolerance&gt;0.001&lt;/MTolerance&gt;&lt;HighPrecision&gt;true&lt;/HighPrecision&gt;&lt;WKID&gt;26915&lt;/WKID&gt;&lt;LatestWKID&gt;26915&lt;/LatestWKID&gt;&lt;/ProjectedCoordinateSystem&gt;</peXml>
			</coordRef>
		</DataProperties>
		<SyncDate>20210121</SyncDate>
		<SyncTime>00212500</SyncTime>
		<ModDate>20210121</ModDate>
		<ModTime>00212500</ModTime>
	</Esri>
	<mdLang>
		<languageCode value="eng"/>
		<countryCode value="US" Sync="TRUE"/>
	</mdLang>
	<mdChar>
		<CharSetCd value="004"/>
	</mdChar>
	<mdHrLv>
		<ScopeCd value="005"/>
	</mdHrLv>
	<mdContact>
		<rpIndName>Kyle House</rpIndName>
		<rpOrgName>Minnesota Department of Transportation</rpOrgName>
		<rpPosName>Research Analyst Intermediate</rpPosName>
		<rpCntInfo>
			<cntPhone>
				<voiceNum>651-366-3873</voiceNum>
				<faxNum>651-366-3886</faxNum>
			</cntPhone>
			<cntAddress addressType="physical">
				<delPoint>395 John Ireland Blvd.</delPoint>
				<city>Saint Paul</city>
				<adminArea>MN</adminArea>
				<postCode>55155</postCode>
				<country>US</country>
				<eMailAdd>kyle.house@state.mn.us</eMailAdd>
			</cntAddress>
			<cntHours>NA</cntHours>
			<cntInstr>NA</cntInstr>
		</rpCntInfo>
		<role>
			<RoleCd value="007"/>
		</role>
	</mdContact>
	<mdDateSt Sync="TRUE">20210121</mdDateSt>
	<mdStanName>ArcGIS Metadata</mdStanName>
	<mdStanVer>1.0</mdStanVer>
	<dataIdInfo>
		<idCitation>
			<resTitle Sync="TRUE">Scenic_Byways_Non_Measured_in_Minnesota</resTitle>
			<date>
				<pubDate>2019-09-04</pubDate>
			</date>
			<citRespParty>
				<rpOrgName>Holly Slagle, Minnesota Department of Transportation, State Program Administrator Intermediate</rpOrgName>
				<role>
					<RoleCd value="006"/>
				</role>
			</citRespParty>
			<presForm>
				<PresFormCd value="005"/>
			</presForm>
			<presForm>
				<fgdcGeoform>vector digital data</fgdcGeoform>
			</presForm>
		</idCitation>
		<idAbs>Scenic byway represents road centerlines for all public roads within the State of Minnesota which are designated as scenic byways in a state statute. The roads are attributed with information based on their designated route. **MnDOT LRS data files will come in two versions, one ending in non-measured which does not contain calibrations. These files are good for reference material. The other version without the non-measured has calibrations and can be used to run linear events or extract measures. These versions require contacting MnDOT to obtain. The calibrations in them are not compatible with older Transportation Information System/GIS BaseMap measures. **</idAbs>
		<idPurp>Scenic byway was developed to fill a need at MnDOT for a continuous, statewide GIS base map of the Scenic Byways of the State.</idPurp>
		<idStatus>
			<ProgCd value="001"/>
		</idStatus>
		<idPoC>
			<rpIndName>Holly Slagle</rpIndName>
			<rpOrgName>Minnesota Department of Transportation</rpOrgName>
			<rpPosName>State Program Administrator Intermediate</rpPosName>
			<rpCntInfo>
				<cntPhone>
					<voiceNum>651-366-3623</voiceNum>
					<faxNum>651-366-3603</faxNum>
				</cntPhone>
				<cntAddress addressType="physical">
					<delPoint>395 John Ireland Blvd.</delPoint>
					<city>Saint Paul</city>
					<adminArea>MN</adminArea>
					<postCode>55155</postCode>
					<country>US</country>
					<eMailAdd>holly.slagle@state.mn.us</eMailAdd>
				</cntAddress>
			</rpCntInfo>
			<role>
				<RoleCd value="007"/>
			</role>
		</idPoC>
		<resMaint>
			<maintFreq>
				<MaintFreqCd value="009"/>
			</maintFreq>
		</resMaint>
		<placeKeys>
			<keyword>Minnesota</keyword>
		</placeKeys>
		<themeKeys>
			<keyword>Transportation Information System, TIS, Linear Referencing System, LRS, Scenic, Byway, Tourism, Route, and Road</keyword>
		</themeKeys>
		<themeKeys>
			<keyword>transportation</keyword>
			<thesaName>
				<resTitle>ISO 19115 Topic Categories</resTitle>
			</thesaName>
		</themeKeys>
		<searchKeys>
			<keyword>transportation</keyword>
			<keyword>Transportation Information System, TIS, Linear Referencing System, LRS, Scenic, Byway, Tourism, Route, and Road</keyword>
			<keyword>Minnesota</keyword>
		</searchKeys>
		<spatRpType>
			<SpatRepTypCd value="001"/>
		</spatRpType>
		<dataLang>
			<languageCode value="eng"/>
			<countryCode value="US" Sync="TRUE"/>
		</dataLang>
		<tpCat>
			<TopicCatCd value="018"/>
		</tpCat>
		<envirDesc Sync="TRUE">Microsoft Windows XP Professional x64 Edition Version 5.2 (Build 3790) Service Pack 2; Esri ArcGIS 10.4.1.5686</envirDesc>
		<dataExt>
			<exDesc>Minnesota</exDesc>
			<tempEle>
				<TempExtent>
					<exTemp/>
				</TempExtent>
			</tempEle>
			<geoEle/>
		</dataExt>
		<dataExt>
			<geoEle>
				<GeoBndBox>
					<westBL>-97.50897</westBL>
					<eastBL>-89.02899</eastBL>
					<southBL>43.192405</southBL>
					<northBL>49.652543</northBL>
				</GeoBndBox>
			</geoEle>
		</dataExt>
		<dataExt>
			<geoEle>
				<GeoBndBox esriExtentType="search">
					<exTypeCode Sync="TRUE">1</exTypeCode>
					<westBL Sync="TRUE">-97.508970</westBL>
					<eastBL Sync="TRUE">-89.028990</eastBL>
					<northBL Sync="TRUE">49.652543</northBL>
					<southBL Sync="TRUE">43.192405</southBL>
				</GeoBndBox>
			</geoEle>
		</dataExt>
	</dataIdInfo>
	<mdConst>
		<Consts>
			<useLimit>By accepting this data, the user agrees not to transmit this data or provide access to it or any part of it to another party or the public unless the user shall include with the data a copy of the disclaimer. The disclaimer can be found in Section 6 of this document (Distribution Liability).</useLimit>
		</Consts>
	</mdConst>
	<spatRepInfo>
		<VectSpatRep>
			<geometObjs Name="Scenic_Byways_Non_Measured_in_Minnesota">
				<geoObjTyp>
					<GeoObjTypCd value="002" Sync="TRUE"/>
				</geoObjTyp>
				<geoObjCnt Sync="TRUE">0</geoObjCnt>
			</geometObjs>
			<topLvl>
				<TopoLevCd value="001" Sync="TRUE"/>
			</topLvl>
		</VectSpatRep>
	</spatRepInfo>
	<eainfo>
		<detailed Name="Scenic_Byways_Non_Measured_in_Minnesota">
			<enttyp>
				<enttypl Sync="TRUE">Scenic_Byways_Non_Measured_in_Minnesota</enttypl>
				<enttypd>NA</enttypd>
				<enttypds>MnDOT</enttypds>
				<enttypt Sync="TRUE">Feature Class</enttypt>
				<enttypc Sync="TRUE">0</enttypc>
			</enttyp>
			<attr>
				<attrlabl Sync="TRUE">FID</attrlabl>
				<attalias Sync="TRUE">FID</attalias>
				<attrtype Sync="TRUE">OID</attrtype>
				<attwidth Sync="TRUE">4</attwidth>
				<atprecis Sync="TRUE">0</atprecis>
				<attscale Sync="TRUE">0</attscale>
				<attrdef Sync="TRUE">Internal feature number.</attrdef>
				<attrdefs Sync="TRUE">Esri</attrdefs>
				<attrdomv>
					<udom Sync="TRUE">Sequential unique whole numbers that are automatically generated.</udom>
				</attrdomv>
			</attr>
			<attr>
				<attrlabl>ROUTE_ID</attrlabl>
				<attrdef>The Route ID for the LRS will be a unique ID for a route within a jurisdiction. This field is filled in with the following data entry mask: SSGGGGGGGGGGNNNNAD. The SS portion is a 2- character code indicating the jurisdiction of the ownership of the route (Ex. '01' = Interstate, '02' = U.S. Highway, '07' = County Road). The GGGGGGGGGG portion is the Geographic Names Information System (GNIS) ID for the jurisdiction of the route in the case of a trunk highway route it will be all zeros. The NNNN portion is for the actual designated route number. The A portion is an alpha for all routes; for routes such as I35E it will contain the letter at the end of the route 'number', and for all other routes it will be the dash character “-“. The D portion indicates whether the routes direction of travel is 'I'ncreasing with mileage or 'D'ecreasing.</attrdef>
				<attrdefs>MnDOT</attrdefs>
				<attrdomv>
					<udom>free form text</udom>
				</attrdomv>
				<attalias Sync="TRUE">ROUTE_ID</attalias>
				<attrtype Sync="TRUE">String</attrtype>
				<attwidth Sync="TRUE">18</attwidth>
				<atprecis Sync="TRUE">0</atprecis>
				<attscale Sync="TRUE">0</attscale>
			</attr>
			<attr>
				<attrlabl>Shape</attrlabl>
				<attrdef>Feature geometry.</attrdef>
				<attrdefs>Esri</attrdefs>
				<attrdomv>
					<udom>Coordinates defining the features.</udom>
				</attrdomv>
				<attalias Sync="TRUE">Shape</attalias>
				<attrtype Sync="TRUE">Geometry</attrtype>
				<attwidth Sync="TRUE">0</attwidth>
				<atprecis Sync="TRUE">0</atprecis>
				<attscale Sync="TRUE">0</attscale>
			</attr>
			<attr>
				<attrlabl Sync="TRUE">SCENIC_BYW</attrlabl>
				<attalias Sync="TRUE">SCENIC_BYW</attalias>
				<attrtype Sync="TRUE">Integer</attrtype>
				<attwidth Sync="TRUE">10</attwidth>
				<atprecis Sync="TRUE">10</atprecis>
				<attscale Sync="TRUE">0</attscale>
			</attr>
			<attr>
				<attrlabl Sync="TRUE">DESCRIPTIO</attrlabl>
				<attalias Sync="TRUE">DESCRIPTIO</attalias>
				<attrtype Sync="TRUE">String</attrtype>
				<attwidth Sync="TRUE">254</attwidth>
				<atprecis Sync="TRUE">0</atprecis>
				<attscale Sync="TRUE">0</attscale>
			</attr>
			<attr>
				<attrlabl Sync="TRUE">SHAPE_Leng</attrlabl>
				<attalias Sync="TRUE">SHAPE_Leng</attalias>
				<attrtype Sync="TRUE">Double</attrtype>
				<attwidth Sync="TRUE">19</attwidth>
				<atprecis Sync="TRUE">0</atprecis>
				<attscale Sync="TRUE">0</attscale>
			</attr>
		</detailed>
	</eainfo>
	<distInfo>
		<distFormat>
			<formatName Sync="TRUE">Shapefile</formatName>
		</distFormat>
		<distTranOps>
			<transSize Sync="TRUE">0.000</transSize>
		</distTranOps>
	</distInfo>
	<mdHrLvName Sync="TRUE">dataset</mdHrLvName>
	<refSysInfo>
		<RefSystem>
			<refSysID>
				<identCode code="26915" Sync="TRUE"/>
				<idCodeSpace Sync="TRUE">EPSG</idCodeSpace>
				<idVersion Sync="TRUE">6.13(3.0.1)</idVersion>
			</refSysID>
		</RefSystem>
	</refSysInfo>
	<spdoinfo>
		<ptvctinf>
			<esriterm Name="Scenic_Byways_Non_Measured_in_Minnesota">
				<efeatyp Sync="TRUE">Simple</efeatyp>
				<efeageom code="3" Sync="TRUE"/>
				<esritopo Sync="TRUE">FALSE</esritopo>
				<efeacnt Sync="TRUE">0</efeacnt>
				<spindex Sync="TRUE">FALSE</spindex>
				<linrefer Sync="TRUE">FALSE</linrefer>
			</esriterm>
		</ptvctinf>
	</spdoinfo>
</metadata>
